Date,andrewsmartin (difference),danthelion (difference),dmohns (difference),Gr1f0n6x (difference),himikof (difference),honnix (difference),switzer (difference),Tarrasch (difference),tmattio (difference),yonromai (difference),TOTAL (difference),Repository,Commit SHA,Commit URL
01/02/2018 13:08:30,,,,,,,,,,,8,spotify/styx,f5b91c544d4aa0f29527413c02c2d021dfb2dee8,https://github.com/spotify/styx/commit/f5b91c544d4aa0f29527413c02c2d021dfb2dee8
01/02/2018 16:02:57,,,,,,,,,,,4,spotify/styx,1169414e818431df456464811618ad4e27e80db7,https://github.com/spotify/styx/commit/1169414e818431df456464811618ad4e27e80db7
01/02/2018 16:07:59,,,,,,,,,,,4,spotify/styx,283366c39c839e8ab600b181825e537f65817fbd,https://github.com/spotify/styx/commit/283366c39c839e8ab600b181825e537f65817fbd
01/02/2018 16:07:59,,,,,,,,,,,4,spotify/styx,822413d38f1a6ed40cb9e7dc9e737ec7a9153b06,https://github.com/spotify/styx/commit/822413d38f1a6ed40cb9e7dc9e737ec7a9153b06
01/04/2018 15:01:37,,,,,,,,,,,7,spotify/styx,5d6a91877a100fb650b39da5136697fce8b682d2,https://github.com/spotify/styx/commit/5d6a91877a100fb650b39da5136697fce8b682d2
01/04/2018 15:02:56,,,,,,,,,,,-18,spotify/styx,4188b36f8b99010df55fd20a8a1324f7113b25bd,https://github.com/spotify/styx/commit/4188b36f8b99010df55fd20a8a1324f7113b25bd
01/04/2018 16:50:12,,,,,,,,,,,-18,spotify/luigi,8fd2525682e463653e3a45705ac18d125f60f449,https://github.com/spotify/luigi/commit/8fd2525682e463653e3a45705ac18d125f60f449
01/10/2018 10:23:49,,,,,,,,,,,-4,spotify/styx,12250d096e516b45e683a35ab174bec1bc6cd278,https://github.com/spotify/styx/commit/12250d096e516b45e683a35ab174bec1bc6cd278
01/10/2018 10:30:00,,,,,,,,,,,3,spotify/styx,c142639d688930b61ccdb5fd02c119222b757ea1,https://github.com/spotify/styx/commit/c142639d688930b61ccdb5fd02c119222b757ea1
01/10/2018 13:44:36,,,,,,,,,,,71,spotify/styx,377f9473050882d3154b006b47b8a2be649eb7a4,https://github.com/spotify/styx/commit/377f9473050882d3154b006b47b8a2be649eb7a4
01/10/2018 15:27:48,,,,,,,,,,,159,spotify/styx,6e5be1e7a5ac5d1ca58f197e3b37f208cf7e3f34,https://github.com/spotify/styx/commit/6e5be1e7a5ac5d1ca58f197e3b37f208cf7e3f34
01/10/2018 15:27:48,,,,,,,,,,,247,spotify/styx,b0beaedaf9f60c1933757f2ee2fbae0c84cb2492,https://github.com/spotify/styx/commit/b0beaedaf9f60c1933757f2ee2fbae0c84cb2492
01/11/2018 19:33:02,,,,,,,,,,,236,spotify/styx,c221a1426a953fbd8afbe7a6c1d3dc1b9514340e,https://github.com/spotify/styx/commit/c221a1426a953fbd8afbe7a6c1d3dc1b9514340e
01/12/2018 09:29:28,,,,,,438,,,,,674,spotify/styx,fca78fce3335e19417f6bb0b6218995097892b77,https://github.com/spotify/styx/commit/fca78fce3335e19417f6bb0b6218995097892b77
01/12/2018 09:33:13,,,,,,,,,,,674,spotify/styx,82a3968625eb68b202a34ff71ead6c35756f3d3f,https://github.com/spotify/styx/commit/82a3968625eb68b202a34ff71ead6c35756f3d3f
01/12/2018 09:33:13,,,,,,,,,,,674,spotify/styx,d76350ba597fbdc1a140b254166d56d0915c8b5b,https://github.com/spotify/styx/commit/d76350ba597fbdc1a140b254166d56d0915c8b5b
01/12/2018 09:58:08,,,,,,,,,,,724,spotify/styx,d435bf21c217cddbcfe3fa039297e95a23358f1d,https://github.com/spotify/styx/commit/d435bf21c217cddbcfe3fa039297e95a23358f1d
01/12/2018 10:01:59,,,,,,,,,,,724,spotify/styx,30a8e7f09999457ff825686b25a4bc060adad966,https://github.com/spotify/styx/commit/30a8e7f09999457ff825686b25a4bc060adad966
01/12/2018 10:01:59,,,,,,,,,,,724,spotify/styx,6fddcd5255c51098af2a8431c824a0d5f4ba493e,https://github.com/spotify/styx/commit/6fddcd5255c51098af2a8431c824a0d5f4ba493e
01/15/2018 07:19:32,,,,,,,,,,,764,spotify/styx,610a5d889345cf5c64f4a5995f9b46bca929c885,https://github.com/spotify/styx/commit/610a5d889345cf5c64f4a5995f9b46bca929c885
01/15/2018 10:11:55,,,,,,438,,,,,764,spotify/styx,39db84cf868ade35769e8101e7fe4d2d3e14d147,https://github.com/spotify/styx/commit/39db84cf868ade35769e8101e7fe4d2d3e14d147
01/15/2018 11:53:31,,,,,,438,,,,,764,spotify/styx,df0c1e9b68750edf22f8ff755499efe6fe668258,https://github.com/spotify/styx/commit/df0c1e9b68750edf22f8ff755499efe6fe668258
01/15/2018 12:41:10,,,,,,633,,,,,959,spotify/styx,361470ccff71ff8ef8d2ea4d14a6b62320cfeb96,https://github.com/spotify/styx/commit/361470ccff71ff8ef8d2ea4d14a6b62320cfeb96
01/15/2018 12:48:09,,,,,,,,,,,959,spotify/styx,071987819aee3bbd75261bdc3ad3869edc6f5cad,https://github.com/spotify/styx/commit/071987819aee3bbd75261bdc3ad3869edc6f5cad
01/15/2018 12:48:09,,,,,,,,,,,959,spotify/styx,ba64185172d7e7bafc904427ae7aec6d7f0e05a1,https://github.com/spotify/styx/commit/ba64185172d7e7bafc904427ae7aec6d7f0e05a1
01/15/2018 20:12:20,,,,,,,,,,,1044,spotify/styx,55ddcbe3cc0273c543caca122244e8c3b60e6aff,https://github.com/spotify/styx/commit/55ddcbe3cc0273c543caca122244e8c3b60e6aff
01/15/2018 20:12:20,,,,,,,,,,,1129,spotify/styx,151af4156a484ef4381772cabcb15a14726249ba,https://github.com/spotify/styx/commit/151af4156a484ef4381772cabcb15a14726249ba
01/16/2018 01:55:46,,,,,,,,,,,1129,spotify/styx,eeddd97241c2eab6254f2c03709e77cd064796e2,https://github.com/spotify/styx/commit/eeddd97241c2eab6254f2c03709e77cd064796e2
01/16/2018 02:07:14,,,,,,,,,,,1154,spotify/styx,db3af934077b64e894336405cf55b75b6255f17e,https://github.com/spotify/styx/commit/db3af934077b64e894336405cf55b75b6255f17e
01/16/2018 06:56:26,,,,,,,,,,,1165,spotify/styx,8472e023927b1c586d99f551374e4acda9f90c5e,https://github.com/spotify/styx/commit/8472e023927b1c586d99f551374e4acda9f90c5e
01/16/2018 07:55:35,,,,,,,,,,,1171,spotify/styx,0ab65976c6e828b2f35f9e557fd98700ecabb1db,https://github.com/spotify/styx/commit/0ab65976c6e828b2f35f9e557fd98700ecabb1db
01/16/2018 12:47:51,,,,,,,,,,,1531,spotify/styx,72ec3d69f7bedf8326e1035bc10ac52261c0f2b7,https://github.com/spotify/styx/commit/72ec3d69f7bedf8326e1035bc10ac52261c0f2b7
01/16/2018 12:54:12,,,,,,,,,,,1531,spotify/styx,72fd31428f4219234960260db77c1fe34d25033d,https://github.com/spotify/styx/commit/72fd31428f4219234960260db77c1fe34d25033d
01/16/2018 12:54:12,,,,,,,,,,,1531,spotify/styx,071aae19fb422aece6d3d7f1c65643359524342a,https://github.com/spotify/styx/commit/071aae19fb422aece6d3d7f1c65643359524342a
01/16/2018 15:35:30,,,,,,,,,,,2068,spotify/styx,17382f7879b3b84f1bed9702e1aa06964d4398c4,https://github.com/spotify/styx/commit/17382f7879b3b84f1bed9702e1aa06964d4398c4
01/16/2018 16:03:09,,,,,,,,,,,2106,spotify/styx,731b7000b64122cdfc628206508b56a0ca02ca1b,https://github.com/spotify/styx/commit/731b7000b64122cdfc628206508b56a0ca02ca1b
01/16/2018 16:03:09,,,,,,,,,,,2144,spotify/styx,bd2102073a61fd024e529e19cdf4bb42902ca931,https://github.com/spotify/styx/commit/bd2102073a61fd024e529e19cdf4bb42902ca931
01/16/2018 19:34:33,,,,,,,,0,,,2144,spotify/luigi,bd10d39a284e238ac8021054de96677ff03ced04,https://github.com/spotify/luigi/commit/bd10d39a284e238ac8021054de96677ff03ced04
01/17/2018 02:59:28,,,,,,,,,,,2155,spotify/styx,1a2b0e504cc979dfe8715d801a85fd5a3b36bd5b,https://github.com/spotify/styx/commit/1a2b0e504cc979dfe8715d801a85fd5a3b36bd5b
01/17/2018 07:22:29,,,,,,,,,,,2155,spotify/styx,f8f05c278ed43f4c6a9c91afa7607e163d76da1a,https://github.com/spotify/styx/commit/f8f05c278ed43f4c6a9c91afa7607e163d76da1a
01/17/2018 07:40:11,,,,,,,,,,,2154,spotify/styx,62098a2ddb8b169ba60e5fd64bb419cb99599422,https://github.com/spotify/styx/commit/62098a2ddb8b169ba60e5fd64bb419cb99599422
01/17/2018 07:51:09,,,,,,,,,,,2154,spotify/styx,eaa0bc7c1f48a7810bbaf23a826250806e69bde6,https://github.com/spotify/styx/commit/eaa0bc7c1f48a7810bbaf23a826250806e69bde6
01/17/2018 07:52:13,,,,,,,,,,,2155,spotify/styx,32d6ff84bbdd2f14bb243863767078e506a29f18,https://github.com/spotify/styx/commit/32d6ff84bbdd2f14bb243863767078e506a29f18
01/17/2018 07:55:32,,,,,,,,,,,2155,spotify/styx,ae4c0771f8f01cbbabc76437cf08b08db649b621,https://github.com/spotify/styx/commit/ae4c0771f8f01cbbabc76437cf08b08db649b621
01/17/2018 09:48:19,,,,,,632,,,,,2154,spotify/styx,1405dba7ee36222552e2d7172c0babd391d74c08,https://github.com/spotify/styx/commit/1405dba7ee36222552e2d7172c0babd391d74c08
01/17/2018 15:02:15,,,,,,,,,,,2191,spotify/styx,c6ac2d5cda02465a883cd56497992824770985aa,https://github.com/spotify/styx/commit/c6ac2d5cda02465a883cd56497992824770985aa
01/17/2018 15:02:15,,,,,,,,,,,2228,spotify/styx,ef5306dcc4d9916b9836d9167ee0daa9a48ce659,https://github.com/spotify/styx/commit/ef5306dcc4d9916b9836d9167ee0daa9a48ce659
01/18/2018 03:36:33,,,,,,,,,,,2479,spotify/styx,7265e097a6f7222c7472dcb9502b5fd9aeb17fbb,https://github.com/spotify/styx/commit/7265e097a6f7222c7472dcb9502b5fd9aeb17fbb
01/19/2018 05:08:59,,,,,,,,,,,2588,spotify/styx,2771646a5fa5086042d73876ae2e3db8b6a0c31f,https://github.com/spotify/styx/commit/2771646a5fa5086042d73876ae2e3db8b6a0c31f
01/19/2018 05:16:47,,,,,,,,,,,2588,spotify/styx,b778aeee047768fd6e5b23f7b87e548c421cd6dc,https://github.com/spotify/styx/commit/b778aeee047768fd6e5b23f7b87e548c421cd6dc
01/19/2018 05:18:58,,,,,,,,,,,2588,spotify/styx,aaa6922bf8fac7afeaad49ba166fc9e3227083b1,https://github.com/spotify/styx/commit/aaa6922bf8fac7afeaad49ba166fc9e3227083b1
01/19/2018 05:22:50,,,,,,,,,,,2588,spotify/styx,2bd81bcec88a1db4d9a631371d99b03ddff48eb8,https://github.com/spotify/styx/commit/2bd81bcec88a1db4d9a631371d99b03ddff48eb8
01/19/2018 05:42:05,,,,,,,,,,,2668,spotify/styx,ebb97ee68ad2ccee5ce9bb292efb8e46b5c32e32,https://github.com/spotify/styx/commit/ebb97ee68ad2ccee5ce9bb292efb8e46b5c32e32
01/19/2018 05:43:14,,,,,,,,,,,2668,spotify/styx,55b0d6969c42f0950563b78a0859bd9c15228feb,https://github.com/spotify/styx/commit/55b0d6969c42f0950563b78a0859bd9c15228feb
01/19/2018 05:43:41,,,,,,,,,,,2668,spotify/styx,4f56703dc456f50543bfa37fc3832741d3c4c1c2,https://github.com/spotify/styx/commit/4f56703dc456f50543bfa37fc3832741d3c4c1c2
01/19/2018 05:45:02,,,,,,,,,,,2660,spotify/styx,5f28a7b402ede021103b8f6179624158bf714b20,https://github.com/spotify/styx/commit/5f28a7b402ede021103b8f6179624158bf714b20
01/19/2018 06:32:32,,,,,,,,,,,2806,spotify/styx,2ae57d8db8b072ddee55b90f9780ea3bc6888d81,https://github.com/spotify/styx/commit/2ae57d8db8b072ddee55b90f9780ea3bc6888d81
01/19/2018 06:49:48,,,,,,,,,,,2811,spotify/styx,1ed83fdb28b963d0106e1eb148cc21550a74be35,https://github.com/spotify/styx/commit/1ed83fdb28b963d0106e1eb148cc21550a74be35
01/19/2018 07:12:00,,,,,,,,,,,2845,spotify/styx,c9a5b8cd3c94a9e5e254cd7e7013f2cc5a34c907,https://github.com/spotify/styx/commit/c9a5b8cd3c94a9e5e254cd7e7013f2cc5a34c907
01/19/2018 07:12:18,,,,,,,,,,,2851,spotify/styx,f7401f11fbc6178ea3bd422753f0f2bf81676e94,https://github.com/spotify/styx/commit/f7401f11fbc6178ea3bd422753f0f2bf81676e94
01/19/2018 07:22:27,,,,,,,,,,,2934,spotify/styx,25a8b0b2ac6aec946b0cbcc018ea22bce419aff3,https://github.com/spotify/styx/commit/25a8b0b2ac6aec946b0cbcc018ea22bce419aff3
01/19/2018 07:48:51,,,,,,,,,,,2935,spotify/styx,8929d202fa9053b6454d3be8ebb3e88f98c561d4,https://github.com/spotify/styx/commit/8929d202fa9053b6454d3be8ebb3e88f98c561d4
01/19/2018 13:42:15,,,,,,,,,,,2934,spotify/styx,f713cedf691309b3dbd2e0d88922b76390d62e6a,https://github.com/spotify/styx/commit/f713cedf691309b3dbd2e0d88922b76390d62e6a
01/19/2018 14:17:21,,,,,,,,,,,2975,spotify/styx,6f2e402ac5382ad51837600bacd633756a25a6f3,https://github.com/spotify/styx/commit/6f2e402ac5382ad51837600bacd633756a25a6f3
01/19/2018 15:01:58,,,,,,,,,,,3003,spotify/styx,b615a5587ab5836cb393503bcedc5aaccc031ef5,https://github.com/spotify/styx/commit/b615a5587ab5836cb393503bcedc5aaccc031ef5
01/19/2018 19:41:33,,,,,,,,,,18,3021,spotify/luigi,8c58ce428e633a535d36e4ad5c4880aec325f9ae,https://github.com/spotify/luigi/commit/8c58ce428e633a535d36e4ad5c4880aec325f9ae
01/19/2018 21:09:06,,,,,,,,,,41,3044,spotify/luigi,c9d9da2002cf74e855c9514815786c8b4ce877c8,https://github.com/spotify/luigi/commit/c9d9da2002cf74e855c9514815786c8b4ce877c8
01/19/2018 22:42:36,,,,,,,,,,47,3050,spotify/luigi,bd7303935f200a0167662b0389b1cf11dcbb5300,https://github.com/spotify/luigi/commit/bd7303935f200a0167662b0389b1cf11dcbb5300
01/19/2018 23:07:33,,,,,,,,,,67,3070,spotify/luigi,da1330af1e1211d09f3f990ccaba96cdfa3f8d68,https://github.com/spotify/luigi/commit/da1330af1e1211d09f3f990ccaba96cdfa3f8d68
01/19/2018 23:16:01,,,,,,,,,,68,3071,spotify/luigi,6dd338102acb3d25ceb4e65fe51f9da6bbdd6382,https://github.com/spotify/luigi/commit/6dd338102acb3d25ceb4e65fe51f9da6bbdd6382
01/20/2018 12:24:56,,,,,,,,,,,3072,spotify/styx,9a813b4147002175064cacf9ed66cf9b46d9998a,https://github.com/spotify/styx/commit/9a813b4147002175064cacf9ed66cf9b46d9998a
01/20/2018 13:19:31,,,,,,,,,,,3142,spotify/styx,093f12e04cecba57561a409449c9287fac51fad0,https://github.com/spotify/styx/commit/093f12e04cecba57561a409449c9287fac51fad0
01/22/2018 02:47:13,,,,,,,,,,,3155,spotify/styx,8352ecc958d4142742103f10bce3b179b3fe798b,https://github.com/spotify/styx/commit/8352ecc958d4142742103f10bce3b179b3fe798b
01/22/2018 04:30:31,,,,,,,,,,,3261,spotify/styx,3789067a76295ec64137fde2652c75ea22f6b749,https://github.com/spotify/styx/commit/3789067a76295ec64137fde2652c75ea22f6b749
01/22/2018 04:37:44,,,,,,,,,,,3260,spotify/styx,4683dc8e7f6fec1a994cd53bb900b1847701979f,https://github.com/spotify/styx/commit/4683dc8e7f6fec1a994cd53bb900b1847701979f
01/22/2018 05:29:09,,,,,,,,,,,3263,spotify/styx,a36ff7dcd82b8c57571986dd9e48dfe086eac618,https://github.com/spotify/styx/commit/a36ff7dcd82b8c57571986dd9e48dfe086eac618
01/22/2018 05:29:09,,,,,,,,,,,3257,spotify/styx,de1ec95e0316207e92b1bad90c7f9a840fa5b8d0,https://github.com/spotify/styx/commit/de1ec95e0316207e92b1bad90c7f9a840fa5b8d0
01/22/2018 05:29:09,,,,,,,,,,,3554,spotify/styx,6cead4e309ad8c6ea72c7e42dd9466ff8df71439,https://github.com/spotify/styx/commit/6cead4e309ad8c6ea72c7e42dd9466ff8df71439
01/22/2018 16:53:57,,,,,,,,,,72,3558,spotify/luigi,a11b087f1316db60606ff7f748d8dc9cab9192a1,https://github.com/spotify/luigi/commit/a11b087f1316db60606ff7f748d8dc9cab9192a1
01/22/2018 19:30:46,,,,,,,,,,81,3567,spotify/luigi,eb1ee842a8af707b5388f8afbe3b8b60351a24e5,https://github.com/spotify/luigi/commit/eb1ee842a8af707b5388f8afbe3b8b60351a24e5
01/22/2018 21:45:44,,,,,,,,,,86,3572,spotify/luigi,e27b9fb418fc3e25531e9b1d797c2915851d9429,https://github.com/spotify/luigi/commit/e27b9fb418fc3e25531e9b1d797c2915851d9429
01/23/2018 03:34:13,,,,,,,,,,,3542,spotify/styx,ccea9051add157e0e13249b5a54db7d1e12a2868,https://github.com/spotify/styx/commit/ccea9051add157e0e13249b5a54db7d1e12a2868
01/23/2018 05:12:07,,,,,,,,,,,3542,spotify/styx,1795005348c557f2eaf0a7266f1cb5fcbb06e1c8,https://github.com/spotify/styx/commit/1795005348c557f2eaf0a7266f1cb5fcbb06e1c8
01/23/2018 05:13:16,,,,,,,,,,,3542,spotify/styx,8b2050a1cdcdd7a2510b491d721540882229a47b,https://github.com/spotify/styx/commit/8b2050a1cdcdd7a2510b491d721540882229a47b
01/23/2018 05:22:49,,,,,,,,,,,3542,spotify/styx,2d2bfa926b94508de5aab47b5f305659ead2274a,https://github.com/spotify/styx/commit/2d2bfa926b94508de5aab47b5f305659ead2274a
01/23/2018 05:43:52,,,,,,,,,,,3583,spotify/styx,ee0fff1009d47844b4c7fc6b9c50c23e98fee90e,https://github.com/spotify/styx/commit/ee0fff1009d47844b4c7fc6b9c50c23e98fee90e
01/23/2018 23:52:20,,,,,,,,,,86,3583,spotify/luigi,76f896698110e7807b4c90687e13008dc77c3361,https://github.com/spotify/luigi/commit/76f896698110e7807b4c90687e13008dc77c3361
01/24/2018 05:08:52,,,,,,,,,,,3584,spotify/styx,482b503d98de209eb56b5f65e1911ea9b2280de4,https://github.com/spotify/styx/commit/482b503d98de209eb56b5f65e1911ea9b2280de4
01/24/2018 06:11:19,,,,,,,,,,,3584,spotify/styx,3904376c6d4aa3c3f3513c8248aa42feb5e9e263,https://github.com/spotify/styx/commit/3904376c6d4aa3c3f3513c8248aa42feb5e9e263
01/24/2018 06:14:49,,,,,,,,,,,3584,spotify/styx,08a5c5a3e7bad6f5bacb3f641bed966f1cf71378,https://github.com/spotify/styx/commit/08a5c5a3e7bad6f5bacb3f641bed966f1cf71378
01/24/2018 06:14:49,,,,,,,,,,,3584,spotify/styx,f34d11fe1226326599031ee9d0bb819701056588,https://github.com/spotify/styx/commit/f34d11fe1226326599031ee9d0bb819701056588
01/24/2018 07:28:37,,,,,,,,,,,3631,spotify/styx,5b8d97733df3f155c39ec80c260c4717b6514e94,https://github.com/spotify/styx/commit/5b8d97733df3f155c39ec80c260c4717b6514e94
01/24/2018 07:36:42,,,,,,,,,,,3631,spotify/styx,50d5f3a0f08c4bd9b7dcd6959c91e8db2dd45e95,https://github.com/spotify/styx/commit/50d5f3a0f08c4bd9b7dcd6959c91e8db2dd45e95
01/24/2018 07:58:51,,,,,,,,,,,3708,spotify/styx,03a85f0c78ff10ffcd1d3ec675678daa79ba3bdd,https://github.com/spotify/styx/commit/03a85f0c78ff10ffcd1d3ec675678daa79ba3bdd
01/24/2018 08:23:34,,,,,,,,,,,3706,spotify/styx,3e244f91691f09d7ce939fd07ff31515d5b9e98d,https://github.com/spotify/styx/commit/3e244f91691f09d7ce939fd07ff31515d5b9e98d
01/24/2018 08:27:33,,,,,,,,,,,3705,spotify/styx,1d1cf023e6c1e5353e860cd3df15a828256148be,https://github.com/spotify/styx/commit/1d1cf023e6c1e5353e860cd3df15a828256148be
01/24/2018 11:34:24,,,,,,,,,,,3705,spotify/luigi,7640bc13f2a0a0768b068b0adc0b01bfea210d7a,https://github.com/spotify/luigi/commit/7640bc13f2a0a0768b068b0adc0b01bfea210d7a
01/24/2018 11:47:18,,,,,,,,,,,3705,spotify/luigi,b5a24da98818d9e26b4c0b81b12b56acedba5d35,https://github.com/spotify/luigi/commit/b5a24da98818d9e26b4c0b81b12b56acedba5d35
01/24/2018 12:21:29,,,,,,,,,,,3751,spotify/styx,d9f6012edbf1c3fcb72b4495c68f53f3c3451443,https://github.com/spotify/styx/commit/d9f6012edbf1c3fcb72b4495c68f53f3c3451443
01/24/2018 12:30:09,,,,,,,,,,,3795,spotify/styx,cb92e70d42cf3490e4293f7022e1fb092ddeb4e7,https://github.com/spotify/styx/commit/cb92e70d42cf3490e4293f7022e1fb092ddeb4e7
01/24/2018 18:44:14,,,,,,,,,,94,3803,spotify/luigi,38ba0637c29751df93969aa2f7e39ba416f1f5c4,https://github.com/spotify/luigi/commit/38ba0637c29751df93969aa2f7e39ba416f1f5c4
01/25/2018 02:52:02,,,,,,,,,,,3804,spotify/styx,89f50e0988bcffd2aa89e4900d2548dbf7e9360b,https://github.com/spotify/styx/commit/89f50e0988bcffd2aa89e4900d2548dbf7e9360b
01/25/2018 02:55:26,,,,,,,,,,,3885,spotify/styx,89cc4b0f9a64df97d16bc266ef01d2c3bac9aa71,https://github.com/spotify/styx/commit/89cc4b0f9a64df97d16bc266ef01d2c3bac9aa71
01/25/2018 03:23:06,,,,,,,,,,,3898,spotify/styx,2a4be3bc634a2e7cc41f398faf5b8c7df5e527d1,https://github.com/spotify/styx/commit/2a4be3bc634a2e7cc41f398faf5b8c7df5e527d1
01/25/2018 03:25:38,,,,,,,,,,,3896,spotify/styx,1ba472d5d62cdbf3036dd4833e727e7b4af5465e,https://github.com/spotify/styx/commit/1ba472d5d62cdbf3036dd4833e727e7b4af5465e
01/25/2018 03:37:53,,,,,,,,,,,3920,spotify/styx,2a45e4ef3d2872a3989dd4ecf9879622762180fb,https://github.com/spotify/styx/commit/2a45e4ef3d2872a3989dd4ecf9879622762180fb
01/25/2018 06:07:39,,,,,,,,,,,4546,spotify/styx,84433985c3f62069240a2ba6f3e014aa0efa00b1,https://github.com/spotify/styx/commit/84433985c3f62069240a2ba6f3e014aa0efa00b1
01/25/2018 06:11:42,,,,,,,,,,,4546,spotify/styx,23b2735e371ad2559bfac9b2cd34d44f0eff4c97,https://github.com/spotify/styx/commit/23b2735e371ad2559bfac9b2cd34d44f0eff4c97
01/25/2018 06:11:42,,,,,,,,,,,4546,spotify/styx,9f154ec0446a0ddbf164728936ee4f902aeaa573,https://github.com/spotify/styx/commit/9f154ec0446a0ddbf164728936ee4f902aeaa573
01/25/2018 08:25:03,,,,,,,,,,,4548,spotify/styx,074ad9da19204f51d7b482ff297794e453310988,https://github.com/spotify/styx/commit/074ad9da19204f51d7b482ff297794e453310988
01/25/2018 12:51:54,,,,,,,,,,,4580,spotify/styx,34623b873fb91d790d8f4c9e09f68abd48ab8c23,https://github.com/spotify/styx/commit/34623b873fb91d790d8f4c9e09f68abd48ab8c23
01/25/2018 12:52:58,,,,,,,,,,,4583,spotify/styx,54d5cb3fddb18e841eecc0b66156dd5f9cfa44cf,https://github.com/spotify/styx/commit/54d5cb3fddb18e841eecc0b66156dd5f9cfa44cf
01/25/2018 13:01:37,,,,,,,,,,,4590,spotify/styx,1614c3c7846b8aa7a67a2b8d5a324d45e43ceceb,https://github.com/spotify/styx/commit/1614c3c7846b8aa7a67a2b8d5a324d45e43ceceb
01/25/2018 14:09:16,,,,,,,,,,,4590,spotify/styx,1e46f2c5c4569a3e19686685bd879578946441b8,https://github.com/spotify/styx/commit/1e46f2c5c4569a3e19686685bd879578946441b8
01/25/2018 14:09:16,,,,,,,,,,,4590,spotify/styx,f94d823a50a4b916f259ec2e5681c7851fb663bb,https://github.com/spotify/styx/commit/f94d823a50a4b916f259ec2e5681c7851fb663bb
01/25/2018 14:20:50,,,,,,,,,,,4590,spotify/styx,b7fc217a58b7bf9306be9591f228419368568bf7,https://github.com/spotify/styx/commit/b7fc217a58b7bf9306be9591f228419368568bf7
01/25/2018 14:20:51,,,,,,,,,,,4590,spotify/styx,3181f6875c7b87e7847c0eb95e1355bbf0e3eb90,https://github.com/spotify/styx/commit/3181f6875c7b87e7847c0eb95e1355bbf0e3eb90
01/25/2018 14:45:35,,,,,,,,,,,4590,spotify/styx,64ca471e867002e8989bd0f04e32ca3853f98535,https://github.com/spotify/styx/commit/64ca471e867002e8989bd0f04e32ca3853f98535
01/25/2018 14:45:35,,,,,,,,,,,4590,spotify/styx,73c843bee5fc9e66726e44d760e75c9d148cecdf,https://github.com/spotify/styx/commit/73c843bee5fc9e66726e44d760e75c9d148cecdf
01/25/2018 15:07:57,,,,,,,,,,,4590,spotify/styx,40cb86595fb92db750fa082b2fca9fa8afd0e947,https://github.com/spotify/styx/commit/40cb86595fb92db750fa082b2fca9fa8afd0e947
01/25/2018 15:07:57,,,,,,,,,,,4590,spotify/styx,408d43bc5e8fef14fe4d0edc7dca3185c2283303,https://github.com/spotify/styx/commit/408d43bc5e8fef14fe4d0edc7dca3185c2283303
01/25/2018 15:33:25,,,,,,,,,,,4590,spotify/styx,bdda25a373af55f3efe196da3fb2325433b70a5d,https://github.com/spotify/styx/commit/bdda25a373af55f3efe196da3fb2325433b70a5d
01/25/2018 15:33:25,,,,,,,,,,,4590,spotify/styx,cfc1e420f86544e35ec327a7db1a0cd8878b48d2,https://github.com/spotify/styx/commit/cfc1e420f86544e35ec327a7db1a0cd8878b48d2
01/25/2018 15:51:35,,,,,,,,,,,4590,spotify/styx,fec230893faabd0b0d30c2c7328998b3fa650549,https://github.com/spotify/styx/commit/fec230893faabd0b0d30c2c7328998b3fa650549
01/25/2018 15:51:35,,,,,,,,,,,4590,spotify/styx,984d6028d72a9f1723afae44c07315d8f3250e83,https://github.com/spotify/styx/commit/984d6028d72a9f1723afae44c07315d8f3250e83
01/25/2018 16:11:55,,,,,,,,,,,4591,spotify/styx,a0c8f888f523c5639bd649f7bbe4c96002efb328,https://github.com/spotify/styx/commit/a0c8f888f523c5639bd649f7bbe4c96002efb328
01/26/2018 00:49:28,,,,,,,,,,,4592,spotify/styx,8ddebb751daa9e0a7ae65ee8ed2c50a849515108,https://github.com/spotify/styx/commit/8ddebb751daa9e0a7ae65ee8ed2c50a849515108
01/26/2018 01:51:41,,,,,,,,,,,4580,spotify/styx,793830fea14cf60da115ef26ab433e19cc5fd137,https://github.com/spotify/styx/commit/793830fea14cf60da115ef26ab433e19cc5fd137
01/26/2018 01:54:10,,,,,,,,,,,4577,spotify/styx,dd549f39af2f7585b2abb5d36c5549c3fb304997,https://github.com/spotify/styx/commit/dd549f39af2f7585b2abb5d36c5549c3fb304997
01/26/2018 01:55:50,,,,,,,,,,,4574,spotify/styx,3dceaebfc6178ee4b94fa98ac99474ac2499639d,https://github.com/spotify/styx/commit/3dceaebfc6178ee4b94fa98ac99474ac2499639d
01/26/2018 02:25:37,,,,,,,,,,,4574,spotify/styx,826d20b5170c3ec962f8fe7c67345aedfec7d70e,https://github.com/spotify/styx/commit/826d20b5170c3ec962f8fe7c67345aedfec7d70e
01/26/2018 02:25:49,,,,,,,,,,,4600,spotify/styx,66aff6a7a8a177a03683e8613c66ce49d0b9dcb4,https://github.com/spotify/styx/commit/66aff6a7a8a177a03683e8613c66ce49d0b9dcb4
01/26/2018 02:32:20,,,,,,,,,,,4599,spotify/styx,a8e7a06df8cd137bc8c5c5bb2529a88e0fc65b96,https://github.com/spotify/styx/commit/a8e7a06df8cd137bc8c5c5bb2529a88e0fc65b96
01/26/2018 02:34:16,,,,,,,,,,,4598,spotify/styx,7b9a8e3e23b798906e92cd63741f799cfd7af468,https://github.com/spotify/styx/commit/7b9a8e3e23b798906e92cd63741f799cfd7af468
01/26/2018 02:44:06,,,,,,,,,,,4598,spotify/styx,83d38b56abbbb821bc404a42c9e5cd7bd26b1687,https://github.com/spotify/styx/commit/83d38b56abbbb821bc404a42c9e5cd7bd26b1687
01/26/2018 12:41:45,,,,,,666,,,,,4632,spotify/styx,dae18e94a87411aa1e8da9c10391186488ba8b8f,https://github.com/spotify/styx/commit/dae18e94a87411aa1e8da9c10391186488ba8b8f
01/26/2018 14:46:25,,,,,,,,,,,4632,spotify/styx,3f267398933b2b65d85a6968113e1b16aa2551b1,https://github.com/spotify/styx/commit/3f267398933b2b65d85a6968113e1b16aa2551b1
01/26/2018 14:46:25,,,,,,,,,,,4632,spotify/styx,955b3f2c48bd6fb54a8bdbcccbf6b5834ee3ac75,https://github.com/spotify/styx/commit/955b3f2c48bd6fb54a8bdbcccbf6b5834ee3ac75
01/29/2018 07:39:31,,,,,,,,,,,4632,spotify/styx,c5a9aef5eefac0934e03ee12f48995eb4d2d8b2a,https://github.com/spotify/styx/commit/c5a9aef5eefac0934e03ee12f48995eb4d2d8b2a
01/29/2018 08:49:04,,,,,,,,,,,4667,spotify/styx,a82e2abfbec8f23e89a2dfe9343b8eb69507cc99,https://github.com/spotify/styx/commit/a82e2abfbec8f23e89a2dfe9343b8eb69507cc99
01/29/2018 09:10:44,,,,,,,,,,,5094,spotify/styx,6bfbc67b9b48c7a2f1682ae2ae31c29dadcf4437,https://github.com/spotify/styx/commit/6bfbc67b9b48c7a2f1682ae2ae31c29dadcf4437
01/30/2018 08:02:22,,,,,,,,,,,5094,spotify/styx,fd5fcc5ccc86a2caa11228ffcf7c2d436995f0cf,https://github.com/spotify/styx/commit/fd5fcc5ccc86a2caa11228ffcf7c2d436995f0cf
01/30/2018 08:02:22,,,,,,,,,,,5094,spotify/styx,9bfd1799ab8b6cea74e9df652c0c91771ec3699d,https://github.com/spotify/styx/commit/9bfd1799ab8b6cea74e9df652c0c91771ec3699d
01/30/2018 12:23:38,,,,,,,,,,,5094,spotify/styx,b0c687f44e316be4fff3993bc3e923848aee427c,https://github.com/spotify/styx/commit/b0c687f44e316be4fff3993bc3e923848aee427c
01/30/2018 13:27:45,,,,,,,,,,,5122,spotify/styx,0411c7e2bd7ed36989d74411c272b34254ee43fa,https://github.com/spotify/styx/commit/0411c7e2bd7ed36989d74411c272b34254ee43fa
01/30/2018 13:56:28,,,,,,,,,,,5109,spotify/styx,0d5dbfd6d5e72ac74601e4a1f9281b2eebe21934,https://github.com/spotify/styx/commit/0d5dbfd6d5e72ac74601e4a1f9281b2eebe21934
01/30/2018 14:21:55,,,,,,,,,,,5127,spotify/styx,149969bae7875b54eba315d747036380bf17b05f,https://github.com/spotify/styx/commit/149969bae7875b54eba315d747036380bf17b05f
01/30/2018 15:08:59,,,,,,,,,,,5179,spotify/styx,c803dd88dcd923d2f21aee86e4526242fe9d940b,https://github.com/spotify/styx/commit/c803dd88dcd923d2f21aee86e4526242fe9d940b
01/30/2018 15:21:57,,,,,,,,,,,5801,spotify/styx,35887d4945679f94ccff96a37499fa17804222d2,https://github.com/spotify/styx/commit/35887d4945679f94ccff96a37499fa17804222d2
01/30/2018 20:43:10,,,,,,,,,,,5807,spotify/luigi,398eab87a8ba73e725d60cbc9eb9110376b4feab,https://github.com/spotify/luigi/commit/398eab87a8ba73e725d60cbc9eb9110376b4feab
01/31/2018 08:56:58,,,,,,,,,,,5807,spotify/styx,0f7a64eb9acf5bcf788ea82f11442e20b8fe0949,https://github.com/spotify/styx/commit/0f7a64eb9acf5bcf788ea82f11442e20b8fe0949
01/31/2018 08:56:58,,,,,,,,,,,5807,spotify/styx,43064ae0d693bbe9509d5e1f26404470c51d06d4,https://github.com/spotify/styx/commit/43064ae0d693bbe9509d5e1f26404470c51d06d4
01/31/2018 10:42:07,,,,,,701,,,,,5842,spotify/styx,681a262401cbc6aa086866191d09ea7d503f803f,https://github.com/spotify/styx/commit/681a262401cbc6aa086866191d09ea7d503f803f
01/31/2018 17:59:12,,,,,,,,,,,5846,spotify/luigi,7cbf2d3a9c8d3cd751d53c06cc56d30b77eadd95,https://github.com/spotify/luigi/commit/7cbf2d3a9c8d3cd751d53c06cc56d30b77eadd95
02/02/2018 11:49:49,,,,,,,,,,,5961,spotify/styx,c74d5eb7531889156754abbf5d127fe7d0cf5e27,https://github.com/spotify/styx/commit/c74d5eb7531889156754abbf5d127fe7d0cf5e27
02/02/2018 11:49:49,,,,,,,,,,,6076,spotify/styx,f6ae45775bd1bc830a40452f0fad02a80b8961b3,https://github.com/spotify/styx/commit/f6ae45775bd1bc830a40452f0fad02a80b8961b3
02/02/2018 15:24:37,,,,,,,,,,,6276,spotify/styx,5d3db7e080da9a621202a2c4428b5368833becdb,https://github.com/spotify/styx/commit/5d3db7e080da9a621202a2c4428b5368833becdb
02/02/2018 15:24:37,,,,,,,,,,,6476,spotify/styx,3a404a902169591800f91d26b4e15df973083871,https://github.com/spotify/styx/commit/3a404a902169591800f91d26b4e15df973083871
02/05/2018 10:43:37,,,,,,,,,,,6483,spotify/styx,c6ebbaf412b00824d3cebc9f610302435260674e,https://github.com/spotify/styx/commit/c6ebbaf412b00824d3cebc9f610302435260674e
02/05/2018 10:43:37,,,,,,,,,,,6490,spotify/styx,ed1d20b33c33acf0b53d6550f65dc4d4b412b311,https://github.com/spotify/styx/commit/ed1d20b33c33acf0b53d6550f65dc4d4b412b311
02/05/2018 10:45:14,,,,,,,,,,,6524,spotify/styx,c708b63cf994c708dd6f471ae1ee1f024435e822,https://github.com/spotify/styx/commit/c708b63cf994c708dd6f471ae1ee1f024435e822
02/05/2018 12:43:51,,,,,,701,,,,,6524,spotify/styx,2895747b5299235321896fae49ab7a8d1c4423e6,https://github.com/spotify/styx/commit/2895747b5299235321896fae49ab7a8d1c4423e6
02/05/2018 12:45:31,,,,,,701,,,,,6524,spotify/styx,d2e96ad3dc464af9469d3f00f26d4b173c8a7556,https://github.com/spotify/styx/commit/d2e96ad3dc464af9469d3f00f26d4b173c8a7556
02/05/2018 13:09:25,,,,,,,,,,,6526,spotify/styx,b54e8d1992d16cf316f6959672c563db2f1fb07a,https://github.com/spotify/styx/commit/b54e8d1992d16cf316f6959672c563db2f1fb07a
02/05/2018 13:09:25,,,,,,,,,,,6528,spotify/styx,ff1bf8ff642662eb508e01c61cceb3e6bf20016a,https://github.com/spotify/styx/commit/ff1bf8ff642662eb508e01c61cceb3e6bf20016a
02/05/2018 14:17:56,,,,,,,,,,,6686,spotify/styx,1816f46d93a80f98944a381ddf14b651edd81a3c,https://github.com/spotify/styx/commit/1816f46d93a80f98944a381ddf14b651edd81a3c
02/05/2018 14:17:56,,,,,,,,,,,6844,spotify/styx,a92e291ae993bd5784b1b6cdf86ae7fa36470161,https://github.com/spotify/styx/commit/a92e291ae993bd5784b1b6cdf86ae7fa36470161
02/05/2018 15:39:40,,,,,,,,,,,6878,spotify/styx,735b773c1a7cd54b2340c2d0982d23a3a6a36cb2,https://github.com/spotify/styx/commit/735b773c1a7cd54b2340c2d0982d23a3a6a36cb2
02/05/2018 15:39:40,,,,,,,,,,,6912,spotify/styx,ad15e13b1a248331b6e404dd802521d58d884b3e,https://github.com/spotify/styx/commit/ad15e13b1a248331b6e404dd802521d58d884b3e
02/05/2018 20:16:04,,,,,,706,,,,,6917,spotify/styx,bc86605375c925f4c60e7d27f286bd22e5589b58,https://github.com/spotify/styx/commit/bc86605375c925f4c60e7d27f286bd22e5589b58
02/07/2018 13:13:17,,,,,,,,,,,6917,spotify/styx,c973330468894f33f585ec29438d15889193a953,https://github.com/spotify/styx/commit/c973330468894f33f585ec29438d15889193a953
02/07/2018 22:20:40,,,,,,706,,,,,6917,spotify/styx,a577f3f412137454002ec49b34eeb74782b8e29c,https://github.com/spotify/styx/commit/a577f3f412137454002ec49b34eeb74782b8e29c
02/08/2018 08:02:56,,,,,,706,,,,,6917,spotify/styx,0e55a6bbdef99060b487daadee060d47a65f29f7,https://github.com/spotify/styx/commit/0e55a6bbdef99060b487daadee060d47a65f29f7
02/08/2018 09:19:21,,,,,,,,,,,6917,spotify/styx,dbeaf13afb1f0adcbd83e964315b91e06c5784fe,https://github.com/spotify/styx/commit/dbeaf13afb1f0adcbd83e964315b91e06c5784fe
02/08/2018 09:26:07,,,,,,,,,,,6917,spotify/styx,f614a727e5e57acf8fc9e0314f30b2bc61e3b4bc,https://github.com/spotify/styx/commit/f614a727e5e57acf8fc9e0314f30b2bc61e3b4bc
02/08/2018 09:26:07,,,,,,,,,,,6917,spotify/styx,a44667cc2d6aab1aab2757746027dcf385d29351,https://github.com/spotify/styx/commit/a44667cc2d6aab1aab2757746027dcf385d29351
02/08/2018 10:03:05,,,,,,,,,,,6910,spotify/styx,8cd927506f47110a9ed51df5c3839a5a3e6d2fff,https://github.com/spotify/styx/commit/8cd927506f47110a9ed51df5c3839a5a3e6d2fff
02/08/2018 10:03:05,,,,,,,,,,,6903,spotify/styx,523e469104209669d72f76bf768a91237186b5dc,https://github.com/spotify/styx/commit/523e469104209669d72f76bf768a91237186b5dc
02/08/2018 10:07:46,,,,,,,,,,,6860,spotify/styx,5c45e6332a8928bb9c6cc97693e31b95a291c988,https://github.com/spotify/styx/commit/5c45e6332a8928bb9c6cc97693e31b95a291c988
02/08/2018 10:07:46,,,,,,,,,,,6817,spotify/styx,78ba4fe2d10fee94e485499b4f1484057d25b0ed,https://github.com/spotify/styx/commit/78ba4fe2d10fee94e485499b4f1484057d25b0ed
02/08/2018 13:28:30,,,,,,,,,,,6857,spotify/styx,fecb6a2efd75a15c09dcb4503de88d2145b8b12b,https://github.com/spotify/styx/commit/fecb6a2efd75a15c09dcb4503de88d2145b8b12b
02/08/2018 13:28:30,,,,,,,,,,,6897,spotify/styx,cb28c4139d3fba329cd3e46e0c144f772fa2360b,https://github.com/spotify/styx/commit/cb28c4139d3fba329cd3e46e0c144f772fa2360b
02/08/2018 16:06:44,,,,,,,,,,,6504,spotify/styx,030eba8e0c6c4db032442fa798ff58362352ff24,https://github.com/spotify/styx/commit/030eba8e0c6c4db032442fa798ff58362352ff24
02/09/2018 15:53:56,,,,,,,,,,,6494,spotify/styx,e57a29d0ef5e8cfe7ba3b941eaf5fc56b49f2bf9,https://github.com/spotify/styx/commit/e57a29d0ef5e8cfe7ba3b941eaf5fc56b49f2bf9
02/12/2018 12:27:54,,,,,,,,,,,6499,spotify/styx,a288f86fe93947860e9a2d394c226e93ffda1af2,https://github.com/spotify/styx/commit/a288f86fe93947860e9a2d394c226e93ffda1af2
02/12/2018 12:27:54,,,,,,,,,,,6504,spotify/styx,14a435ab56b25837d0c5273e37d389d558faa7c3,https://github.com/spotify/styx/commit/14a435ab56b25837d0c5273e37d389d558faa7c3
02/12/2018 12:28:39,,,,,,,,,,,6505,spotify/styx,04a8740bce55e1c1174850bde53626d826a1516c,https://github.com/spotify/styx/commit/04a8740bce55e1c1174850bde53626d826a1516c
02/12/2018 12:28:39,,,,,,,,,,,6506,spotify/styx,b418914bc14658b907ccd6691be1539d6d7e04b6,https://github.com/spotify/styx/commit/b418914bc14658b907ccd6691be1539d6d7e04b6
02/12/2018 12:28:55,,,,,,,,,,,6504,spotify/styx,27884956459b0b1c90aa1d52c58036c5a2a1e3c2,https://github.com/spotify/styx/commit/27884956459b0b1c90aa1d52c58036c5a2a1e3c2
02/12/2018 12:28:55,,,,,,,,,,,6502,spotify/styx,06c7adeaaca288eb50481da7f96d23a8db87d8d1,https://github.com/spotify/styx/commit/06c7adeaaca288eb50481da7f96d23a8db87d8d1
02/12/2018 15:27:04,,,,,,,,,,,6507,spotify/styx,8570417488077b7636f6d9d4c5b73f0b8b451938,https://github.com/spotify/styx/commit/8570417488077b7636f6d9d4c5b73f0b8b451938
02/13/2018 12:46:11,,,,,,,,,,,6507,spotify/styx,051c1543097013486d1220feabad51f380bef929,https://github.com/spotify/styx/commit/051c1543097013486d1220feabad51f380bef929
02/14/2018 18:25:53,,,,,,728,,,,,6529,spotify/styx,3acf0c7a42c3e29d0d4471ee4d5eb382b7c4cebe,https://github.com/spotify/styx/commit/3acf0c7a42c3e29d0d4471ee4d5eb382b7c4cebe
02/14/2018 21:53:01,,,,,,807,,,,,6608,spotify/styx,f256bd39af4584e3df77aab1239507d2dd0f1c92,https://github.com/spotify/styx/commit/f256bd39af4584e3df77aab1239507d2dd0f1c92
02/15/2018 09:38:45,,,,,,807,,,,,6608,spotify/styx,c39ec638a0c13578d86d4e1aa28ad5683296470e,https://github.com/spotify/styx/commit/c39ec638a0c13578d86d4e1aa28ad5683296470e
02/15/2018 09:44:11,,,,,,,,,,,6687,spotify/styx,fbe7eda88c8f2c7ef9ee02317033ce0a24c0e4c1,https://github.com/spotify/styx/commit/fbe7eda88c8f2c7ef9ee02317033ce0a24c0e4c1
02/15/2018 10:12:16,,,,,,,,,,,6671,spotify/styx,55ad1ed6694206f5f3e02b09fb9be3cbaf80a2e7,https://github.com/spotify/styx/commit/55ad1ed6694206f5f3e02b09fb9be3cbaf80a2e7
02/15/2018 10:17:43,,,,,,,,,,,6671,spotify/styx,257ff97fe4436d6663ca91eecb24d7a38fc6642b,https://github.com/spotify/styx/commit/257ff97fe4436d6663ca91eecb24d7a38fc6642b
02/15/2018 10:17:43,,,,,,,,,,,6671,spotify/styx,00c7f0e9f2104198369e4bef797b45e15c80c700,https://github.com/spotify/styx/commit/00c7f0e9f2104198369e4bef797b45e15c80c700
02/15/2018 10:28:47,,,,,,,,,,,6671,spotify/styx,ccca31929422831d1ed175efe395789cf9742c5f,https://github.com/spotify/styx/commit/ccca31929422831d1ed175efe395789cf9742c5f
02/15/2018 10:28:47,,,,,,,,,,,6671,spotify/styx,cd22ec565e97c8d2db326ec4a0b6594650c97944,https://github.com/spotify/styx/commit/cd22ec565e97c8d2db326ec4a0b6594650c97944
02/15/2018 13:29:41,,,,,,,,,,,6669,spotify/styx,e8f3e84e58106dcc36a729701e823e62d343f559,https://github.com/spotify/styx/commit/e8f3e84e58106dcc36a729701e823e62d343f559
02/15/2018 13:58:35,,,,,,,,,,,6667,spotify/styx,72cb917df51bc219cbc01af694d80fb13fa787fe,https://github.com/spotify/styx/commit/72cb917df51bc219cbc01af694d80fb13fa787fe
02/15/2018 14:12:00,,,,,,,,,,,6667,spotify/styx,bcc8c7218b52aa15b5ebd4908e744fac9c77b05c,https://github.com/spotify/styx/commit/bcc8c7218b52aa15b5ebd4908e744fac9c77b05c
02/15/2018 14:12:00,,,,,,,,,,,6667,spotify/styx,ff2fbb3c732ab4c3098ad69d07e1cdb5d52aacfc,https://github.com/spotify/styx/commit/ff2fbb3c732ab4c3098ad69d07e1cdb5d52aacfc
02/15/2018 15:49:24,,,,,,,,,,,6670,spotify/styx,91fa39be1ee54050162f8a09db77592b83acd2de,https://github.com/spotify/styx/commit/91fa39be1ee54050162f8a09db77592b83acd2de
02/15/2018 16:04:12,,,,,,,,,,,6673,spotify/styx,8681e16c56c8af0218121a0d93e6b303b9d45fa6,https://github.com/spotify/styx/commit/8681e16c56c8af0218121a0d93e6b303b9d45fa6
02/15/2018 16:07:04,,,,,,,,,,,6673,spotify/styx,2f3e985e8498409258d89235fc6f6db15b26a07f,https://github.com/spotify/styx/commit/2f3e985e8498409258d89235fc6f6db15b26a07f
02/15/2018 16:07:04,,,,,,,,,,,6673,spotify/styx,88e3abf2220aa1059e924c2efb9b7f94aebce862,https://github.com/spotify/styx/commit/88e3abf2220aa1059e924c2efb9b7f94aebce862
02/15/2018 21:43:51,,,,,,,,,,,6673,spotify/luigi,636a0203f650688c4ce249a994c1d6169e5a16af,https://github.com/spotify/luigi/commit/636a0203f650688c4ce249a994c1d6169e5a16af
02/15/2018 22:18:19,,,,,,807,,,,,6673,spotify/styx,3eab065e91e1c7409b878b70b5b03c6d481342ee,https://github.com/spotify/styx/commit/3eab065e91e1c7409b878b70b5b03c6d481342ee
02/16/2018 10:19:56,,,,,,,,,,,6643,spotify/styx,81c8075a7f55b2a1744e2c1c1bed1570cffd6e0a,https://github.com/spotify/styx/commit/81c8075a7f55b2a1744e2c1c1bed1570cffd6e0a
02/16/2018 10:19:56,,,,,,,,,,,6613,spotify/styx,e71565390ca346f9cc6350e8aed04f6edcbd085e,https://github.com/spotify/styx/commit/e71565390ca346f9cc6350e8aed04f6edcbd085e
02/16/2018 15:27:41,,,,,,,,,,,6613,spotify/styx,8ae50bd56c8f7cb5de4af5d7a20cb7858b9b0a32,https://github.com/spotify/styx/commit/8ae50bd56c8f7cb5de4af5d7a20cb7858b9b0a32
02/16/2018 15:56:47,,,,,,,,,,,6613,spotify/styx,2fb59aebdc8102ca29292cc661ae08aac1e1f3f3,https://github.com/spotify/styx/commit/2fb59aebdc8102ca29292cc661ae08aac1e1f3f3
02/16/2018 15:59:41,,,,,,,,,,,6613,spotify/styx,0a476eea55f26e726f4f4deee53fbec7b191e196,https://github.com/spotify/styx/commit/0a476eea55f26e726f4f4deee53fbec7b191e196
02/16/2018 15:59:42,,,,,,,,,,,6613,spotify/styx,d5159bb28b7ced11a6f38ee15d339cb370c23914,https://github.com/spotify/styx/commit/d5159bb28b7ced11a6f38ee15d339cb370c23914
02/16/2018 19:39:47,,,,,,,,,,,6670,spotify/luigi,e0b4b3fdf9565639fd932d4f7484b570f5b43979,https://github.com/spotify/luigi/commit/e0b4b3fdf9565639fd932d4f7484b570f5b43979
02/16/2018 19:42:14,,,,,,,,,,,7037,spotify/luigi,ffa51b50103a3adaf3c4d0569fdb037a7ba01e8e,https://github.com/spotify/luigi/commit/ffa51b50103a3adaf3c4d0569fdb037a7ba01e8e
02/16/2018 19:45:10,,,116,,,,,,,,7153,spotify/luigi,8501e5dbb8d3040453a89bb0d3562526086d51e5,https://github.com/spotify/luigi/commit/8501e5dbb8d3040453a89bb0d3562526086d51e5
02/16/2018 20:23:21,,,,,,,,,,105,7164,spotify/luigi,42b5207bc45188af35be49259f1260baebc00b72,https://github.com/spotify/luigi/commit/42b5207bc45188af35be49259f1260baebc00b72
02/16/2018 21:19:30,,,,,,,,,,,7163,spotify/styx,c9b074d1ec08c293112a113b1f11ef02a4f272b1,https://github.com/spotify/styx/commit/c9b074d1ec08c293112a113b1f11ef02a4f272b1
02/19/2018 10:17:00,,,,,,,,,,,7163,spotify/styx,37056afc2d230f51f9defbb4581c0823ace5f1b6,https://github.com/spotify/styx/commit/37056afc2d230f51f9defbb4581c0823ace5f1b6
02/19/2018 10:32:34,,,,,,,,,,,7166,spotify/styx,b49600c8252bc54d4768dbeaed4b8378ed613f77,https://github.com/spotify/styx/commit/b49600c8252bc54d4768dbeaed4b8378ed613f77
02/19/2018 13:04:24,,,,,,,,,,,7165,spotify/styx,1ef986cf22a6ba3d30840a1a09e59447a395e745,https://github.com/spotify/styx/commit/1ef986cf22a6ba3d30840a1a09e59447a395e745
02/19/2018 13:23:36,,,,,,,,,,,7164,spotify/styx,b22ae16d1fce6f93fab90eb3a32d16cc0dd42f61,https://github.com/spotify/styx/commit/b22ae16d1fce6f93fab90eb3a32d16cc0dd42f61
02/19/2018 13:49:11,,,,,,,,,,,7166,spotify/styx,1e09f3735d6ce552148b18b26625bbbeaeed70ac,https://github.com/spotify/styx/commit/1e09f3735d6ce552148b18b26625bbbeaeed70ac
02/19/2018 13:53:52,,,,,,,,,,,7166,spotify/styx,168653f0ab0586c67b5bbcc75c951cc30155f1b4,https://github.com/spotify/styx/commit/168653f0ab0586c67b5bbcc75c951cc30155f1b4
02/19/2018 13:53:52,,,,,,,,,,,7166,spotify/styx,d64c75b62ab48039c7eae0ecb98f809a13f67c21,https://github.com/spotify/styx/commit/d64c75b62ab48039c7eae0ecb98f809a13f67c21
02/19/2018 16:50:04,,,,,,,,,,109,7170,spotify/luigi,318b0e63aef6461c3b855559d4f508fbf3c4b880,https://github.com/spotify/luigi/commit/318b0e63aef6461c3b855559d4f508fbf3c4b880
02/19/2018 16:51:36,,,,,,,,,,,6765,spotify/styx,28a8afbe490c5e13f51b23356a599ec8ea3c3f08,https://github.com/spotify/styx/commit/28a8afbe490c5e13f51b23356a599ec8ea3c3f08
02/19/2018 18:47:45,,,,,,,,,,113,6769,spotify/luigi,aa783fd4dc216affef658498ef6549059aee1425,https://github.com/spotify/luigi/commit/aa783fd4dc216affef658498ef6549059aee1425
02/20/2018 08:22:47,,,,,,804,,,,,6766,spotify/styx,269bc288ac4b9d730815c7211bb7ce9b547e810a,https://github.com/spotify/styx/commit/269bc288ac4b9d730815c7211bb7ce9b547e810a
02/20/2018 08:29:51,,,,,,,,,,,6765,spotify/styx,1a1493f11b849ebcbeb07b3f9a963737d8a4b8bb,https://github.com/spotify/styx/commit/1a1493f11b849ebcbeb07b3f9a963737d8a4b8bb
02/20/2018 08:51:26,,,,,,,,,,,6783,spotify/styx,64f6cb726a358229b1a3beca6457747832830c7e,https://github.com/spotify/styx/commit/64f6cb726a358229b1a3beca6457747832830c7e
02/20/2018 08:57:25,,,,,,,,,,,6783,spotify/styx,dcf7b572700b172382807d14c2577d3e2c8d391b,https://github.com/spotify/styx/commit/dcf7b572700b172382807d14c2577d3e2c8d391b
02/20/2018 08:57:25,,,,,,,,,,,6783,spotify/styx,14519e65c775dae1335571cf6aa7b356dbc2e85a,https://github.com/spotify/styx/commit/14519e65c775dae1335571cf6aa7b356dbc2e85a
02/20/2018 13:39:57,,,,,,,,,,,7188,spotify/styx,2df40162bcc0a5527dcad70777d302d038148ce9,https://github.com/spotify/styx/commit/2df40162bcc0a5527dcad70777d302d038148ce9
02/20/2018 13:45:18,,,,,,,,,,,7593,spotify/styx,4d7142173ca266515bc2a87cf3c6d9cf75bfd1f9,https://github.com/spotify/styx/commit/4d7142173ca266515bc2a87cf3c6d9cf75bfd1f9
02/20/2018 13:48:00,,,,,,,,,,,7595,spotify/styx,1f262d67fcccf4808914fa64009e1e66456e78c7,https://github.com/spotify/styx/commit/1f262d67fcccf4808914fa64009e1e66456e78c7
02/20/2018 13:48:45,,,,,,,,,,,7597,spotify/styx,5ed93a77dc4d2513dccf3f459a43d9bad9aae7d5,https://github.com/spotify/styx/commit/5ed93a77dc4d2513dccf3f459a43d9bad9aae7d5
02/20/2018 13:52:10,,,,,,,,,,,7597,spotify/styx,724cf4e8b937ccc672e3843d087a8540233c2dbc,https://github.com/spotify/styx/commit/724cf4e8b937ccc672e3843d087a8540233c2dbc
02/20/2018 13:52:10,,,,,,,,,,,7597,spotify/styx,1940087cd0fa8e5d8793c7cdab6a47e00943620c,https://github.com/spotify/styx/commit/1940087cd0fa8e5d8793c7cdab6a47e00943620c
02/20/2018 14:18:28,,,,,,817,,,,,7610,spotify/styx,17ab9a8587b2b370c1143946982a4522400e27e3,https://github.com/spotify/styx/commit/17ab9a8587b2b370c1143946982a4522400e27e3
02/21/2018 09:45:00,,,,,,,,,,,7614,spotify/styx,66d4c5c063d1d7201250c977890a1b52e54c7c01,https://github.com/spotify/styx/commit/66d4c5c063d1d7201250c977890a1b52e54c7c01
02/21/2018 09:45:00,,,,,,,,,,,7618,spotify/styx,ad56d45f66aec1a73d4be2907600b9d40d5a1fc2,https://github.com/spotify/styx/commit/ad56d45f66aec1a73d4be2907600b9d40d5a1fc2
02/21/2018 09:59:13,,,,,,,,,,,7616,spotify/styx,ad56ea59913052a4eb5a940779b9c040bfbc8b65,https://github.com/spotify/styx/commit/ad56ea59913052a4eb5a940779b9c040bfbc8b65
02/21/2018 09:59:13,,,,,,,,,,,7614,spotify/styx,6f6ac5d8003fe4e20430b9d50958469025b5f377,https://github.com/spotify/styx/commit/6f6ac5d8003fe4e20430b9d50958469025b5f377
02/21/2018 10:48:11,,,,,,,,,,,7656,spotify/styx,63f3f71db4b0b7a38e9aa05d31210e5cb14be89b,https://github.com/spotify/styx/commit/63f3f71db4b0b7a38e9aa05d31210e5cb14be89b
02/21/2018 14:36:36,,,,,,852,,,,,7691,spotify/styx,38af5264af69040f7790dc8e898b75ca67e16ae9,https://github.com/spotify/styx/commit/38af5264af69040f7790dc8e898b75ca67e16ae9
02/21/2018 17:44:48,,,,,,877,,,,,7716,spotify/styx,e3878553db20286f66836e2d4cb04aed64192b28,https://github.com/spotify/styx/commit/e3878553db20286f66836e2d4cb04aed64192b28
02/21/2018 20:34:50,,,,,,1017,,,,,7856,spotify/styx,045b4827a8be26e92573e2a303c7047bb791d2cc,https://github.com/spotify/styx/commit/045b4827a8be26e92573e2a303c7047bb791d2cc
02/21/2018 22:52:40,,,,,,1090,,,,,7929,spotify/styx,9ff8f005d34fb7c48473e58588581ebff9540b6f,https://github.com/spotify/styx/commit/9ff8f005d34fb7c48473e58588581ebff9540b6f
02/21/2018 23:24:49,,,,,,1130,,,,,7969,spotify/styx,547280d3005492796d2b5f2461d8277b1c634bf6,https://github.com/spotify/styx/commit/547280d3005492796d2b5f2461d8277b1c634bf6
02/22/2018 00:31:27,,,,,,,,,,218,8074,spotify/luigi,1fa93babeaff0e4807627c7d0196210e95630252,https://github.com/spotify/luigi/commit/1fa93babeaff0e4807627c7d0196210e95630252
02/22/2018 13:41:41,,,,,,1143,,,,,8087,spotify/styx,a81b75c65b8dba41444f254b6f5a3dc596e6c45f,https://github.com/spotify/styx/commit/a81b75c65b8dba41444f254b6f5a3dc596e6c45f
02/22/2018 14:38:32,,,,,,,,,,,8163,spotify/styx,ca1e5d8b2ac4872b2d365a25534a55c47053b7cd,https://github.com/spotify/styx/commit/ca1e5d8b2ac4872b2d365a25534a55c47053b7cd
02/22/2018 15:00:23,,,,,,,,,,,8162,spotify/styx,9c49922e758d362b3f1a6b096ddd7eb788fac90d,https://github.com/spotify/styx/commit/9c49922e758d362b3f1a6b096ddd7eb788fac90d
02/22/2018 15:13:25,,,,,,,,,,,8161,spotify/styx,03df460905b711ef4086d9a9712aa43495498f7b,https://github.com/spotify/styx/commit/03df460905b711ef4086d9a9712aa43495498f7b
02/22/2018 22:56:11,,,,,,1149,,,,,8167,spotify/styx,52c1bb1d3d846a3cfac7b32185b11be194a868da,https://github.com/spotify/styx/commit/52c1bb1d3d846a3cfac7b32185b11be194a868da
02/23/2018 09:17:53,,,,,,1169,,,,,8187,spotify/styx,c3a30f7243881c2ff3aaa35bc37584e010f6b925,https://github.com/spotify/styx/commit/c3a30f7243881c2ff3aaa35bc37584e010f6b925
02/23/2018 10:18:44,,,,,,1232,,,,,8250,spotify/styx,7a2b4e8ce755f42782ea056dd4733342eed3777f,https://github.com/spotify/styx/commit/7a2b4e8ce755f42782ea056dd4733342eed3777f
02/23/2018 10:20:47,,,,,,1232,,,,,8250,spotify/styx,ad076421b8fa0ed93f8a08c34734791daf7e2a2c,https://github.com/spotify/styx/commit/ad076421b8fa0ed93f8a08c34734791daf7e2a2c
02/23/2018 12:01:40,,,,,,1237,,,,,8255,spotify/styx,4df59b96efefd1e6367bb68d1cc2f1f742fdd435,https://github.com/spotify/styx/commit/4df59b96efefd1e6367bb68d1cc2f1f742fdd435
02/23/2018 13:36:55,,,,,,1237,,,,,8255,spotify/styx,6ec62fc8b4dc44f29e834039c0b772172841660f,https://github.com/spotify/styx/commit/6ec62fc8b4dc44f29e834039c0b772172841660f
02/23/2018 13:52:29,,,,,,1255,,,,,8273,spotify/styx,d313ea5bf431ed8f4b1688a584fd30dcdc3bcc5b,https://github.com/spotify/styx/commit/d313ea5bf431ed8f4b1688a584fd30dcdc3bcc5b
02/23/2018 13:59:51,,,,,,1255,,,,,8273,spotify/styx,497a5cdb1d541a766c530358ef8aa06e1c944c7a,https://github.com/spotify/styx/commit/497a5cdb1d541a766c530358ef8aa06e1c944c7a
02/23/2018 14:56:45,,,,,,,,,,,8274,spotify/styx,99f74faab94b0eaace13753f472068d2a0ecf7b4,https://github.com/spotify/styx/commit/99f74faab94b0eaace13753f472068d2a0ecf7b4
02/23/2018 14:56:58,,,,,,,,,,,8276,spotify/styx,376ac03370c91a04426d6b0807b793802bc307ab,https://github.com/spotify/styx/commit/376ac03370c91a04426d6b0807b793802bc307ab
02/24/2018 14:36:19,,,,,0,,,,,,8276,spotify/luigi,c8f4497ede1a68f1a6a1c33e786eaf2468a34ec0,https://github.com/spotify/luigi/commit/c8f4497ede1a68f1a6a1c33e786eaf2468a34ec0
02/25/2018 15:44:10,,,,,,1268,,,,,8289,spotify/styx,e16c874e130d111cfb3c89c41c28d5e126ee2039,https://github.com/spotify/styx/commit/e16c874e130d111cfb3c89c41c28d5e126ee2039
02/26/2018 14:22:30,,,,,,,,,,,8288,spotify/styx,e46ec1f6e97d8dd8c2a49692aea4468acfeb865b,https://github.com/spotify/styx/commit/e46ec1f6e97d8dd8c2a49692aea4468acfeb865b
02/26/2018 21:08:16,,,,71,,,,,,,8359,spotify/luigi,037eb71bd69a9d203c7de7e0527748b5cd3d9211,https://github.com/spotify/luigi/commit/037eb71bd69a9d203c7de7e0527748b5cd3d9211
02/27/2018 10:26:41,,,,,,,,,,,8349,spotify/styx,62a5ffed8d0ae01b3af6f7cea71ad057f215a080,https://github.com/spotify/styx/commit/62a5ffed8d0ae01b3af6f7cea71ad057f215a080
02/27/2018 14:21:16,,,,,,,,,,,8349,spotify/styx,386321f4d16d9af09f3d3226b85eb1dd9e328559,https://github.com/spotify/styx/commit/386321f4d16d9af09f3d3226b85eb1dd9e328559
02/27/2018 14:37:44,,,,,,,,,,,8349,spotify/styx,64d6337a94f81ac1a7d7cc5a8bdcfbc8e4acee05,https://github.com/spotify/styx/commit/64d6337a94f81ac1a7d7cc5a8bdcfbc8e4acee05
02/27/2018 14:42:44,,,,,,,,,,,8350,spotify/styx,bf938ed0b93927be60da3dfd9e42de7c5c136692,https://github.com/spotify/styx/commit/bf938ed0b93927be60da3dfd9e42de7c5c136692
02/27/2018 14:53:07,,,,,,,,,,,8778,spotify/styx,1547b9f2e57c7a2d3f3633de6329e30da26c0df2,https://github.com/spotify/styx/commit/1547b9f2e57c7a2d3f3633de6329e30da26c0df2
02/27/2018 14:56:57,,,,,,,,,,,8778,spotify/styx,d96e8ffff0c9a7d6e0bfdf6798c35ba8fc90dacb,https://github.com/spotify/styx/commit/d96e8ffff0c9a7d6e0bfdf6798c35ba8fc90dacb
02/27/2018 14:56:58,,,,,,,,,,,8778,spotify/styx,68a0e75a1c30154385cbe9340f225ac62b8b7845,https://github.com/spotify/styx/commit/68a0e75a1c30154385cbe9340f225ac62b8b7845
02/27/2018 16:26:16,,,,,,,,,,,8797,spotify/styx,80ca13ee3f975844cd4c83ffc44ce0b73b80cea5,https://github.com/spotify/styx/commit/80ca13ee3f975844cd4c83ffc44ce0b73b80cea5
02/27/2018 22:08:03,,,,,,,,,,,8797,spotify/styx,45f40a995ce342ef7e2ab3513b2cb77f13ac7151,https://github.com/spotify/styx/commit/45f40a995ce342ef7e2ab3513b2cb77f13ac7151
02/28/2018 07:53:11,,,,,,,,,,,8810,spotify/styx,b6a59774ca71f6f118b55822497c30102700fddb,https://github.com/spotify/styx/commit/b6a59774ca71f6f118b55822497c30102700fddb
02/28/2018 08:57:03,,,,,,,,,,,8942,spotify/styx,2e3c6807e59a75306cae1d984da34d2e272b8ca4,https://github.com/spotify/styx/commit/2e3c6807e59a75306cae1d984da34d2e272b8ca4
02/28/2018 09:02:26,,,,,,,,,,,8942,spotify/styx,0730848600e05a7b51dfa1f880d8127fc4b237d9,https://github.com/spotify/styx/commit/0730848600e05a7b51dfa1f880d8127fc4b237d9
02/28/2018 09:02:26,,,,,,,,,,,8942,spotify/styx,60056894c42e38b312f214a4159ee66ef0f937e3,https://github.com/spotify/styx/commit/60056894c42e38b312f214a4159ee66ef0f937e3
03/01/2018 16:31:43,,,,,,,,,,,9161,spotify/styx,87285fc14f0a5152e00c1b3e8d472c914a1e660d,https://github.com/spotify/styx/commit/87285fc14f0a5152e00c1b3e8d472c914a1e660d
03/01/2018 16:31:43,,,,,,,,,,,9380,spotify/styx,db0cc792be3e5bbed974464eb6a31d8d7df0a09e,https://github.com/spotify/styx/commit/db0cc792be3e5bbed974464eb6a31d8d7df0a09e
03/01/2018 19:50:20,,,,,,,2,,,,9382,spotify/luigi,78cbd1999f212c045c8e95c8ad2b3abd37c872b1,https://github.com/spotify/luigi/commit/78cbd1999f212c045c8e95c8ad2b3abd37c872b1
03/02/2018 10:08:46,,,,,,,,,,,9408,spotify/styx,b907f973b4ba3cb1958e0818860b9065cb7b27c0,https://github.com/spotify/styx/commit/b907f973b4ba3cb1958e0818860b9065cb7b27c0
03/02/2018 10:08:46,,,,,,,,,,,9434,spotify/styx,f83ca120e540c6c6edaf44053fb47d4c2b627ead,https://github.com/spotify/styx/commit/f83ca120e540c6c6edaf44053fb47d4c2b627ead
03/02/2018 11:11:35,,,,,,,,,,,9506,spotify/styx,0bb070857a5d8f48c710ec96026595ac747dd72f,https://github.com/spotify/styx/commit/0bb070857a5d8f48c710ec96026595ac747dd72f
03/02/2018 11:11:35,,,,,,,,,,,9578,spotify/styx,4c563299d7ae517a31491de56e5d65d4f2d3c83a,https://github.com/spotify/styx/commit/4c563299d7ae517a31491de56e5d65d4f2d3c83a
03/02/2018 13:26:01,,,,,,,,,,,9571,spotify/styx,a8b561ba5285f4e74b649a9d62722275427495d1,https://github.com/spotify/styx/commit/a8b561ba5285f4e74b649a9d62722275427495d1
03/02/2018 13:26:01,,,,,,,,,,,9564,spotify/styx,da6bfa220e19eabf75696e40f1ea0b193394f88b,https://github.com/spotify/styx/commit/da6bfa220e19eabf75696e40f1ea0b193394f88b
03/02/2018 13:26:15,,,,,,,,,,,9658,spotify/styx,773736b786053074712f208e3e7b608cb6f26a99,https://github.com/spotify/styx/commit/773736b786053074712f208e3e7b608cb6f26a99
03/02/2018 13:26:15,,,,,,,,,,,9752,spotify/styx,775379200873c34aaa06c0ea407f2a71d15fbfd9,https://github.com/spotify/styx/commit/775379200873c34aaa06c0ea407f2a71d15fbfd9
03/02/2018 13:39:30,,,,,,,,,,,9754,spotify/styx,a22f7ab7e24d0efaa9642f20681011732cb291cf,https://github.com/spotify/styx/commit/a22f7ab7e24d0efaa9642f20681011732cb291cf
03/02/2018 13:39:30,,,,,,,,,,,9756,spotify/styx,d1da84b523e040f7e18ad6af67b230334941bd66,https://github.com/spotify/styx/commit/d1da84b523e040f7e18ad6af67b230334941bd66
03/02/2018 13:47:57,,,,,,,,,,,9756,spotify/styx,1662df6c78b7d609074632ddfd1b648cb67655d9,https://github.com/spotify/styx/commit/1662df6c78b7d609074632ddfd1b648cb67655d9
03/02/2018 13:47:57,,,,,,,,,,,9756,spotify/styx,413ed944f2cc49f573d602402680f61b68009ee3,https://github.com/spotify/styx/commit/413ed944f2cc49f573d602402680f61b68009ee3
03/02/2018 14:11:02,,,,,,,,,,,10892,spotify/styx,cbd649f56225470785a1ba746f2676f039d9fdd4,https://github.com/spotify/styx/commit/cbd649f56225470785a1ba746f2676f039d9fdd4
03/02/2018 14:15:33,,,,,,,,,,,10892,spotify/styx,29a43c31947fbf95df0bc582d070616d23286faa,https://github.com/spotify/styx/commit/29a43c31947fbf95df0bc582d070616d23286faa
03/02/2018 14:15:33,,,,,,,,,,,10892,spotify/styx,9cf14e8164d3620c8d61aaaf6261d1a5bd67ffbd,https://github.com/spotify/styx/commit/9cf14e8164d3620c8d61aaaf6261d1a5bd67ffbd
03/05/2018 12:56:07,,,,,,,,,0,,10892,spotify/luigi,a5f95fe2381f74ed083aa1a5004279d76fafa72f,https://github.com/spotify/luigi/commit/a5f95fe2381f74ed083aa1a5004279d76fafa72f
03/12/2018 12:36:39,,,,,,1268,,,,,10892,spotify/styx,6b9b8c59703560f197c71adfe0ac9770cfeffb33,https://github.com/spotify/styx/commit/6b9b8c59703560f197c71adfe0ac9770cfeffb33
03/12/2018 16:00:10,,,,,,,,,,,9756,spotify/styx,fec25233f33984976a730a0362d18446fff28448,https://github.com/spotify/styx/commit/fec25233f33984976a730a0362d18446fff28448
03/12/2018 16:13:19,,,,,,,,,,,8620,spotify/styx,736bd221e70826356440f69c071d48276d018c80,https://github.com/spotify/styx/commit/736bd221e70826356440f69c071d48276d018c80
03/12/2018 16:37:04,,,,,,1271,,,,,8623,spotify/styx,9087f44818c59eed30890515d38be2a315df37e3,https://github.com/spotify/styx/commit/9087f44818c59eed30890515d38be2a315df37e3
03/12/2018 16:42:42,,,,,,1274,,,,,8626,spotify/styx,1188ae48a2357f0697dfb4bcddf35b552ca826e0,https://github.com/spotify/styx/commit/1188ae48a2357f0697dfb4bcddf35b552ca826e0
03/12/2018 16:50:47,,,,,,,,,,,8626,spotify/styx,3c48e433e74a7d80167b6355257c3d751e32b034,https://github.com/spotify/styx/commit/3c48e433e74a7d80167b6355257c3d751e32b034
03/12/2018 16:50:47,,,,,,,,,,,8626,spotify/styx,689405636ec6e9e8939317e9b134765f16fc26b2,https://github.com/spotify/styx/commit/689405636ec6e9e8939317e9b134765f16fc26b2
03/12/2018 17:32:16,,,,,,1271,,,,,8623,spotify/styx,1abac31ffb5e8a14393110cb1bb0ef6510f0c79f,https://github.com/spotify/styx/commit/1abac31ffb5e8a14393110cb1bb0ef6510f0c79f
03/12/2018 20:33:58,,,,,,,,-2,,,8621,spotify/luigi,90c1951b1bddbd44cb2f47160a5ea9c716e9a212,https://github.com/spotify/luigi/commit/90c1951b1bddbd44cb2f47160a5ea9c716e9a212
03/13/2018 08:27:29,,,,,,1290,,,,,8640,spotify/styx,56956c668ef2b96dd18e94c8585a2696c56104e0,https://github.com/spotify/styx/commit/56956c668ef2b96dd18e94c8585a2696c56104e0
03/13/2018 09:19:31,,,,,,1287,,,,,8637,spotify/styx,5d23f635b25fed7382d14a5e075cd2a7270fcb5a,https://github.com/spotify/styx/commit/5d23f635b25fed7382d14a5e075cd2a7270fcb5a
03/13/2018 09:20:00,,,,,,1306,,,,,8656,spotify/styx,1e7d65b2f999ebbc69ce8971f8c7828c74b0ed76,https://github.com/spotify/styx/commit/1e7d65b2f999ebbc69ce8971f8c7828c74b0ed76
03/13/2018 09:26:41,,,,,,,,,,,8656,spotify/styx,b6911659c5d6567432d35e1bf902fd4725edea2a,https://github.com/spotify/styx/commit/b6911659c5d6567432d35e1bf902fd4725edea2a
03/13/2018 09:26:41,,,,,,,,,,,8656,spotify/styx,a5ab2ad75f51f99e39c8817c8e363a8652636806,https://github.com/spotify/styx/commit/a5ab2ad75f51f99e39c8817c8e363a8652636806
03/13/2018 10:51:28,,,,,,,,,,,8676,spotify/styx,70125faa7d89dccacfacc2ff2bacfa045811fd1f,https://github.com/spotify/styx/commit/70125faa7d89dccacfacc2ff2bacfa045811fd1f
03/13/2018 12:32:29,,,,,,,,,,,8753,spotify/styx,aa09bdf87678ae8a0e15151f2263107405a44e9f,https://github.com/spotify/styx/commit/aa09bdf87678ae8a0e15151f2263107405a44e9f
03/13/2018 15:22:26,,,,,,1306,,,,,8753,spotify/luigi,ded287eaf9809ef0379eddff5fcd1822187ab173,https://github.com/spotify/luigi/commit/ded287eaf9809ef0379eddff5fcd1822187ab173
03/13/2018 15:42:01,,,,,,1306,,,,,8753,spotify/luigi,7c6b9737038ee5337f2ae496c8910e101a804705,https://github.com/spotify/luigi/commit/7c6b9737038ee5337f2ae496c8910e101a804705
03/13/2018 21:35:31,,,,,,,,9,,,8764,spotify/luigi,9735b5aad2690d0c81bb5aac19c1237e87e2ca2e,https://github.com/spotify/luigi/commit/9735b5aad2690d0c81bb5aac19c1237e87e2ca2e
03/14/2018 10:56:36,,,,,,,,,,,8798,spotify/styx,fcf4e394edbc0406150d4b35893b1dde8e3a2dd7,https://github.com/spotify/styx/commit/fcf4e394edbc0406150d4b35893b1dde8e3a2dd7
03/14/2018 10:57:06,,,,,,,,,,,8810,spotify/styx,6c3389ec75c74a7445f52e642ba675c12cdfb000,https://github.com/spotify/styx/commit/6c3389ec75c74a7445f52e642ba675c12cdfb000
03/14/2018 10:58:48,,,,,,,,,,,8812,spotify/styx,07b72462eb28a2b7b6ff7dfd145c6ed2f9eae714,https://github.com/spotify/styx/commit/07b72462eb28a2b7b6ff7dfd145c6ed2f9eae714
03/14/2018 11:04:43,,,,,,,,,,,8818,spotify/styx,6e64af5cf40e6af09fcc22d1b88706ce518c4db8,https://github.com/spotify/styx/commit/6e64af5cf40e6af09fcc22d1b88706ce518c4db8
03/14/2018 11:18:55,,,,,,1349,,,,,8861,spotify/styx,7f8019f66c0cd31d759ce23cb3b132aa3648177c,https://github.com/spotify/styx/commit/7f8019f66c0cd31d759ce23cb3b132aa3648177c
03/14/2018 12:32:28,,4,,,,,,,,,8865,spotify/luigi,b583a5be05fcd38e9a2f339f03b54df33d537552,https://github.com/spotify/luigi/commit/b583a5be05fcd38e9a2f339f03b54df33d537552
03/14/2018 12:37:21,,,,,,,,,,,8865,spotify/styx,df76f9adbeebf85f0b2dd931da6af70082c73f73,https://github.com/spotify/styx/commit/df76f9adbeebf85f0b2dd931da6af70082c73f73
03/14/2018 12:37:21,,,,,,,,,,,8865,spotify/styx,25bb8e7fcd1606a98adc2923eed1121271da66c2,https://github.com/spotify/styx/commit/25bb8e7fcd1606a98adc2923eed1121271da66c2
03/14/2018 13:54:38,,,,,,,,,,,8783,spotify/styx,75f1a396a1a20c071bd08a1066fbbaf86dc27814,https://github.com/spotify/styx/commit/75f1a396a1a20c071bd08a1066fbbaf86dc27814
03/14/2018 14:17:47,,,,,,1330,,,,,8764,spotify/styx,61976aaf0dc69ff0f048d84d34c85de3a49bc24a,https://github.com/spotify/styx/commit/61976aaf0dc69ff0f048d84d34c85de3a49bc24a
03/14/2018 14:52:37,,,,,,,,,,,8775,spotify/styx,bbe2503f3a4475f15876b7a18872773cea72d4c9,https://github.com/spotify/styx/commit/bbe2503f3a4475f15876b7a18872773cea72d4c9
03/14/2018 15:20:21,,,,,,1311,,,,,8756,spotify/styx,be10d5eebd6ef8c43f34621ca78581dd8a3d8243,https://github.com/spotify/styx/commit/be10d5eebd6ef8c43f34621ca78581dd8a3d8243
03/14/2018 15:26:12,,,,,,,,,,,8756,spotify/styx,dec81b2066c90c86a271b279d75d3522cf003762,https://github.com/spotify/styx/commit/dec81b2066c90c86a271b279d75d3522cf003762
03/14/2018 15:26:13,,,,,,,,,,,8756,spotify/styx,248cd91c02eb5b0d168378d5ba479139cb8e46ee,https://github.com/spotify/styx/commit/248cd91c02eb5b0d168378d5ba479139cb8e46ee
03/14/2018 15:49:34,,,,,,,,,,,8860,spotify/styx,ef5ba7e973d6f7b2217350beb341cff916a31fe2,https://github.com/spotify/styx/commit/ef5ba7e973d6f7b2217350beb341cff916a31fe2
03/14/2018 16:16:47,,,,,,,,,,,8950,spotify/styx,3047513e2bc809ff3c335cf2cbef3691488f3df2,https://github.com/spotify/styx/commit/3047513e2bc809ff3c335cf2cbef3691488f3df2
03/14/2018 22:25:23,,,,,,,,11,,,8952,spotify/luigi,14eea1bc126aafd36ebd151b39c4eda8966e7087,https://github.com/spotify/luigi/commit/14eea1bc126aafd36ebd151b39c4eda8966e7087
03/15/2018 18:05:56,10,,,,,,,,,,8962,spotify/luigi,3cf763dc9ad1b1f5e84e9b20428198b23b0861e3,https://github.com/spotify/luigi/commit/3cf763dc9ad1b1f5e84e9b20428198b23b0861e3
03/19/2018 14:17:04,,,,,,,,,,,8974,spotify/styx,c155ddd7adffa38998b3a8f285e79b0ad61e5ea9,https://github.com/spotify/styx/commit/c155ddd7adffa38998b3a8f285e79b0ad61e5ea9
03/19/2018 14:21:11,,,,,,,,,,,9009,spotify/styx,69ec8071f5fbafa1dcbb5e756536d0620f45486e,https://github.com/spotify/styx/commit/69ec8071f5fbafa1dcbb5e756536d0620f45486e
03/19/2018 14:39:22,,,,,,,,,,,9001,spotify/styx,7ae514556323f1f66d7f7e1326c951e0ef6708a9,https://github.com/spotify/styx/commit/7ae514556323f1f66d7f7e1326c951e0ef6708a9
03/19/2018 16:03:34,,,,,,,,,,,9000,spotify/styx,e65b8321db8af7644c7908b390b8458bd09b8348,https://github.com/spotify/styx/commit/e65b8321db8af7644c7908b390b8458bd09b8348
03/19/2018 16:32:27,,,,,,,,,,,8599,spotify/styx,8b27a09e6cf4b485ab528e266bd0a28ceaef5c49,https://github.com/spotify/styx/commit/8b27a09e6cf4b485ab528e266bd0a28ceaef5c49
03/19/2018 16:36:49,,,,,,,,,,,8599,spotify/styx,fa8e73d5d1719776ce30faeaef4444fe2a58a4d2,https://github.com/spotify/styx/commit/fa8e73d5d1719776ce30faeaef4444fe2a58a4d2
03/19/2018 16:36:50,,,,,,,,,,,8599,spotify/styx,43f6c26dffeaaa0ac40c9835ff8e424f0fa65c8e,https://github.com/spotify/styx/commit/43f6c26dffeaaa0ac40c9835ff8e424f0fa65c8e
03/21/2018 08:59:22,,,,,,,,,,,8594,spotify/styx,e5bada28c1181ba7bf0e264965bf64861b89bc27,https://github.com/spotify/styx/commit/e5bada28c1181ba7bf0e264965bf64861b89bc27
03/21/2018 12:15:37,,,,,,,,,,,8901,spotify/styx,075bd11c201d3e68d855e4420028f3782af003c9,https://github.com/spotify/styx/commit/075bd11c201d3e68d855e4420028f3782af003c9
03/21/2018 12:35:18,,,,,,,,,,,8519,spotify/styx,af064c294a4003ccc59ede8173f24dd7ebcc74cc,https://github.com/spotify/styx/commit/af064c294a4003ccc59ede8173f24dd7ebcc74cc
03/21/2018 14:59:58,,,,,,,,,,,9957,spotify/styx,86cc221cad7fd89579482b791755879ad97f9048,https://github.com/spotify/styx/commit/86cc221cad7fd89579482b791755879ad97f9048
03/21/2018 15:09:38,,,,,,,,,,,9957,spotify/styx,7b4e083782d80eccf0adcfecdca347af218f351d,https://github.com/spotify/styx/commit/7b4e083782d80eccf0adcfecdca347af218f351d
03/21/2018 15:09:38,,,,,,,,,,,9957,spotify/styx,f2cff2758107a7ebf8bdcd641cadc9cdfb16342c,https://github.com/spotify/styx/commit/f2cff2758107a7ebf8bdcd641cadc9cdfb16342c
03/22/2018 08:07:51,,,,,,1314,,,,,9960,spotify/styx,780336c378cc69feeac4a5684695122b9ef6a585,https://github.com/spotify/styx/commit/780336c378cc69feeac4a5684695122b9ef6a585
03/22/2018 09:20:14,,,,,,1317,,,,,9963,spotify/styx,71a1d679ffd6ae9a4b8280dd98003f45cd86e46f,https://github.com/spotify/styx/commit/71a1d679ffd6ae9a4b8280dd98003f45cd86e46f
03/22/2018 09:24:09,,,,,,,,,,,9963,spotify/styx,acb9b53d1d5919e655c922289f3433453b2f89e1,https://github.com/spotify/styx/commit/acb9b53d1d5919e655c922289f3433453b2f89e1
03/22/2018 09:24:10,,,,,,,,,,,9963,spotify/styx,dd8ef29a4993baf1fc61361f943388e2b7af40dd,https://github.com/spotify/styx/commit/dd8ef29a4993baf1fc61361f943388e2b7af40dd
03/23/2018 09:43:42,,,,,,,,,,,10194,spotify/styx,510c96aeedc2d8bcd240d7ed51916d9f7f0e1111,https://github.com/spotify/styx/commit/510c96aeedc2d8bcd240d7ed51916d9f7f0e1111
03/23/2018 09:47:51,,,,,,,,,,,10194,spotify/styx,476db223d6a50b75a5a01ad42c0cab637a27f6a0,https://github.com/spotify/styx/commit/476db223d6a50b75a5a01ad42c0cab637a27f6a0
03/23/2018 09:47:51,,,,,,,,,,,10194,spotify/styx,5d49d62ffd6be2e8492448710b6ea5aa05bfaf86,https://github.com/spotify/styx/commit/5d49d62ffd6be2e8492448710b6ea5aa05bfaf86
03/26/2018 08:46:29,,,,,,1318,,,,,10195,spotify/styx,834000e81542616c606fcbc9870735ccb79c5499,https://github.com/spotify/styx/commit/834000e81542616c606fcbc9870735ccb79c5499
03/26/2018 08:56:42,,,,,,1319,,,,,10196,spotify/styx,1a19c55a096b31d064e2b6adcb69c82c71d4a641,https://github.com/spotify/styx/commit/1a19c55a096b31d064e2b6adcb69c82c71d4a641
03/26/2018 11:58:06,,,,,,,,,,,10528,spotify/styx,fa307f994bd8c794fa4593fc6e56138bf7c3c26f,https://github.com/spotify/styx/commit/fa307f994bd8c794fa4593fc6e56138bf7c3c26f
03/26/2018 12:03:03,,,,,,,,,,,10528,spotify/styx,30e381991fc197425056e8e3dc737f3213821656,https://github.com/spotify/styx/commit/30e381991fc197425056e8e3dc737f3213821656
03/26/2018 12:03:03,,,,,,,,,,,10528,spotify/styx,aa78e598f6b1ffa0b703bdf72d50bdbbc57887c2,https://github.com/spotify/styx/commit/aa78e598f6b1ffa0b703bdf72d50bdbbc57887c2
03/26/2018 12:27:28,,,,,,,,,,,10528,spotify/styx,ecba83510e4b9315ed167c7ea96b31a1edae751a,https://github.com/spotify/styx/commit/ecba83510e4b9315ed167c7ea96b31a1edae751a
03/26/2018 12:46:12,,,,,,1319,,,,,10528,spotify/styx,69393263daf86e28392c921267c04a5a59ef3ea7,https://github.com/spotify/styx/commit/69393263daf86e28392c921267c04a5a59ef3ea7
03/26/2018 12:48:52,,,,,,,,,,,10528,spotify/styx,dd66fafe7a148a02e13e8160a23543d672641ee9,https://github.com/spotify/styx/commit/dd66fafe7a148a02e13e8160a23543d672641ee9
03/26/2018 12:49:51,,,,,,1319,,,,,10528,spotify/styx,815a4d4290aeee189b0d0c9773e82d587dcd8e1a,https://github.com/spotify/styx/commit/815a4d4290aeee189b0d0c9773e82d587dcd8e1a
03/26/2018 12:53:29,,,,,,,,,,,10528,spotify/styx,78ac4aff45a3102e5632054ab03eb6df3fc3b9e7,https://github.com/spotify/styx/commit/78ac4aff45a3102e5632054ab03eb6df3fc3b9e7
03/26/2018 12:53:29,,,,,,,,,,,10528,spotify/styx,da0e2f8f1b3a48dc380a832ab1b9da0aa0920a90,https://github.com/spotify/styx/commit/da0e2f8f1b3a48dc380a832ab1b9da0aa0920a90
03/26/2018 13:08:55,,,,,,,,,,,10528,spotify/styx,8b9b6e59e15512a5599f3aeb22c8d3229834cf1b,https://github.com/spotify/styx/commit/8b9b6e59e15512a5599f3aeb22c8d3229834cf1b
03/26/2018 13:08:55,,,,,,,,,,,10528,spotify/styx,c8e36edcc7269a2a08120de6ceeb6d6f290a8bf8,https://github.com/spotify/styx/commit/c8e36edcc7269a2a08120de6ceeb6d6f290a8bf8
03/26/2018 14:02:18,,,,,,1331,,,,,10540,spotify/styx,b2e312195cc981b18f503102b708447e0137fbdb,https://github.com/spotify/styx/commit/b2e312195cc981b18f503102b708447e0137fbdb
03/26/2018 14:07:04,,,,,,,,,,,10540,spotify/styx,0cf0cafa46bb4d55e9ba7ea7d77c0cfb456c02eb,https://github.com/spotify/styx/commit/0cf0cafa46bb4d55e9ba7ea7d77c0cfb456c02eb
03/26/2018 14:07:04,,,,,,,,,,,10540,spotify/styx,6bc25b63461bdd27d4e1909f57a06f5739f070bc,https://github.com/spotify/styx/commit/6bc25b63461bdd27d4e1909f57a06f5739f070bc
03/26/2018 15:37:15,,,,,,1431,,,,,10640,spotify/styx,ebe7a3c3c99c10fefbbb4b012180c454ccdb16f8,https://github.com/spotify/styx/commit/ebe7a3c3c99c10fefbbb4b012180c454ccdb16f8
03/26/2018 15:50:19,,,,,,,,,,,10640,spotify/styx,d2cf1171b284c973d731cc19f5097b5e33f34747,https://github.com/spotify/styx/commit/d2cf1171b284c973d731cc19f5097b5e33f34747
03/26/2018 15:50:19,,,,,,,,,,,10640,spotify/styx,e1f50529dd41c358a980ce6b323fa0986c075f23,https://github.com/spotify/styx/commit/e1f50529dd41c358a980ce6b323fa0986c075f23
03/27/2018 08:53:13,,,,,,,,,,,10645,spotify/styx,52d66ec8193adde5c9a0d2b61833d6619dd1c019,https://github.com/spotify/styx/commit/52d66ec8193adde5c9a0d2b61833d6619dd1c019
03/27/2018 09:25:12,,,,,,,,,,,10681,spotify/styx,2b36c2164c46e08fb11a84c16443eca7a114f901,https://github.com/spotify/styx/commit/2b36c2164c46e08fb11a84c16443eca7a114f901
03/27/2018 09:41:53,,,,,,,,,,,10683,spotify/styx,aa9c75727618649d9c66b4c4061957c8ef46cf8e,https://github.com/spotify/styx/commit/aa9c75727618649d9c66b4c4061957c8ef46cf8e
03/27/2018 10:21:49,,,,,,,,,,,10779,spotify/styx,6020a80b8414d3ab2ec83515ee4e2cb3b23db4b2,https://github.com/spotify/styx/commit/6020a80b8414d3ab2ec83515ee4e2cb3b23db4b2
03/27/2018 13:19:53,,,,,,,,,,,10779,spotify/styx,b49b6b2df990cb587b5e3aeb8a638da1a03e61ad,https://github.com/spotify/styx/commit/b49b6b2df990cb587b5e3aeb8a638da1a03e61ad
03/27/2018 13:19:59,,,,,,,,,,,10842,spotify/styx,b6d9015c39b4aac3198403c78dfb112e20a98ef9,https://github.com/spotify/styx/commit/b6d9015c39b4aac3198403c78dfb112e20a98ef9
03/27/2018 14:51:33,,,,,,1431,,,,,10842,spotify/styx,eef4800b59b1a276843417a76f18727fd5ca06f2,https://github.com/spotify/styx/commit/eef4800b59b1a276843417a76f18727fd5ca06f2
03/27/2018 14:57:48,,,,,,1431,,,,,10842,spotify/styx,f7b3c0b14854f336cac652bfb95036912b028959,https://github.com/spotify/styx/commit/f7b3c0b14854f336cac652bfb95036912b028959
03/27/2018 15:28:44,,,,,,,,,,,11044,spotify/styx,5dbee3d34f38aab3f108952001eb9162c40ac753,https://github.com/spotify/styx/commit/5dbee3d34f38aab3f108952001eb9162c40ac753
03/27/2018 15:38:19,,,,,,,,,,,11044,spotify/styx,b54b5692eb410964cae3eb99a6672096c3774236,https://github.com/spotify/styx/commit/b54b5692eb410964cae3eb99a6672096c3774236
03/27/2018 15:38:19,,,,,,,,,,,11044,spotify/styx,34985752b2c9b3def1b9b99e34f911946dbb237a,https://github.com/spotify/styx/commit/34985752b2c9b3def1b9b99e34f911946dbb237a
03/27/2018 15:38:19,,,,,,,,,,,11044,spotify/styx,b54b5692eb410964cae3eb99a6672096c3774236,https://github.com/spotify/styx/commit/b54b5692eb410964cae3eb99a6672096c3774236
03/27/2018 15:38:19,,,,,,,,,,,11044,spotify/styx,34985752b2c9b3def1b9b99e34f911946dbb237a,https://github.com/spotify/styx/commit/34985752b2c9b3def1b9b99e34f911946dbb237a
03/27/2018 15:38:19,,,,,,,,,,,11044,spotify/styx,b54b5692eb410964cae3eb99a6672096c3774236,https://github.com/spotify/styx/commit/b54b5692eb410964cae3eb99a6672096c3774236
03/27/2018 15:38:19,,,,,,,,,,,11044,spotify/styx,34985752b2c9b3def1b9b99e34f911946dbb237a,https://github.com/spotify/styx/commit/34985752b2c9b3def1b9b99e34f911946dbb237a
03/27/2018 15:38:19,,,,,,,,,,,11044,spotify/styx,b54b5692eb410964cae3eb99a6672096c3774236,https://github.com/spotify/styx/commit/b54b5692eb410964cae3eb99a6672096c3774236
03/27/2018 15:38:19,,,,,,,,,,,11044,spotify/styx,34985752b2c9b3def1b9b99e34f911946dbb237a,https://github.com/spotify/styx/commit/34985752b2c9b3def1b9b99e34f911946dbb237a
03/27/2018 15:38:19,,,,,,,,,,,11044,spotify/styx,b54b5692eb410964cae3eb99a6672096c3774236,https://github.com/spotify/styx/commit/b54b5692eb410964cae3eb99a6672096c3774236
03/27/2018 15:38:19,,,,,,,,,,,11044,spotify/styx,34985752b2c9b3def1b9b99e34f911946dbb237a,https://github.com/spotify/styx/commit/34985752b2c9b3def1b9b99e34f911946dbb237a
03/27/2018 15:38:19,,,,,,,,,,,11044,spotify/styx,b54b5692eb410964cae3eb99a6672096c3774236,https://github.com/spotify/styx/commit/b54b5692eb410964cae3eb99a6672096c3774236
03/27/2018 15:38:19,,,,,,,,,,,11044,spotify/styx,34985752b2c9b3def1b9b99e34f911946dbb237a,https://github.com/spotify/styx/commit/34985752b2c9b3def1b9b99e34f911946dbb237a
03/27/2018 15:38:19,,,,,,,,,,,11044,spotify/styx,b54b5692eb410964cae3eb99a6672096c3774236,https://github.com/spotify/styx/commit/b54b5692eb410964cae3eb99a6672096c3774236
03/27/2018 15:38:19,,,,,,,,,,,11044,spotify/styx,34985752b2c9b3def1b9b99e34f911946dbb237a,https://github.com/spotify/styx/commit/34985752b2c9b3def1b9b99e34f911946dbb237a
03/27/2018 15:38:19,,,,,,,,,,,11044,spotify/styx,b54b5692eb410964cae3eb99a6672096c3774236,https://github.com/spotify/styx/commit/b54b5692eb410964cae3eb99a6672096c3774236
03/27/2018 15:38:19,,,,,,,,,,,11044,spotify/styx,34985752b2c9b3def1b9b99e34f911946dbb237a,https://github.com/spotify/styx/commit/34985752b2c9b3def1b9b99e34f911946dbb237a
03/27/2018 15:38:19,,,,,,,,,,,11044,spotify/styx,b54b5692eb410964cae3eb99a6672096c3774236,https://github.com/spotify/styx/commit/b54b5692eb410964cae3eb99a6672096c3774236
04/04/2018 20:12:38,,,,,,1432,,,,,11045,spotify/luigi,60e21718605c1599e3f7244e428ce4cae7e61fae,https://github.com/spotify/luigi/commit/60e21718605c1599e3f7244e428ce4cae7e61fae
04/05/2018 12:24:50,,,,,,1433,,,,,11046,spotify/luigi,670e00e809dd746baa629ce9c9baab7e512c06ce,https://github.com/spotify/luigi/commit/670e00e809dd746baa629ce9c9baab7e512c06ce
